Date,Close
1985-01-02,3.48
1985-01-03,3.55
1985-01-04,3.55
1985-01-07,3.53
1985-01-08,3.5
1985-01-09,3.59
1985-01-10,3.75
1985-01-11,3.72
1985-01-14,3.83
1985-01-15,3.75
1985-01-16,3.78
1985-01-17,3.52
1985-01-18,3.58
1985-01-21,3.66
1985-01-22,3.77
1985-01-23,3.7
1985-01-24,3.62
1985-01-25,3.7
1985-01-28,3.78
1985-01-29,3.73
1985-01-30,3.73
1985-01-31,3.62
1985-02-01,3.58
1985-02-04,3.66
1985-02-05,3.69
1985-02-06,3.75
1985-02-07,3.73
1985-02-08,3.73
1985-02-11,3.81
1985-02-12,3.72
1985-02-13,3.55
1985-02-14,3.45
1985-02-15,3.5
1985-02-19,3.45
1985-02-20,3.3
1985-02-21,3.36
1985-02-22,3.45
1985-02-25,3.41
1985-02-26,3.34
1985-02-27,3.14
1985-02-28,3.09
1985-03-01,3.11
1985-03-04,3.16
1985-03-05,3.23
1985-03-06,3.08
1985-03-07,2.77
1985-03-08,2.69
1985-03-11,2.78
1985-03-12,2.88
1985-03-13,2.72
1985-03-14,2.72
1985-03-15,2.83
1985-03-18,2.86
1985-03-19,2.75
1985-03-20,2.78
1985-03-21,2.83
1985-03-22,2.78
1985-03-25,2.7
1985-03-26,2.81
1985-03-27,2.73
1985-03-28,2.73
1985-03-29,2.77
1985-04-01,2.7
1985-04-02,2.62
1985-04-03,2.62
1985-04-04,2.61
1985-04-08,2.45
1985-04-09,2.45
1985-04-10,2.62
1985-04-11,2.67
1985-04-12,2.61
1985-04-15,2.67
1985-04-16,2.7
1985-04-17,2.83
1985-04-18,2.86
1985-04-19,2.81
1985-04-22,2.7
1985-04-23,2.77
1985-04-24,2.75
1985-04-25,2.75
1985-04-26,2.73
1985-04-29,2.64
1985-04-30,2.66
1985-05-01,2.61
1985-05-02,2.41
1985-05-03,2.5
1985-05-06,2.47
1985-05-07,2.5
1985-05-08,2.48
1985-05-09,2.5
1985-05-10,2.53
1985-05-13,2.5
1985-05-14,2.47
1985-05-15,2.5
1985-05-16,2.67
1985-05-17,2.72
1985-05-20,2.67
1985-05-21,2.59
1985-05-22,2.58
1985-05-23,2.47
1985-05-24,2.27
1985-05-28,2.11
1985-05-29,2.14
1985-05-30,2.2
1985-05-31,2.17
1985-06-03,2.0
1985-06-04,2.16
1985-06-05,2.11
1985-06-06,2.13
1985-06-07,2.05
1985-06-10,2.02
1985-06-11,2.02
1985-06-12,1.97
1985-06-13,1.86
1985-06-14,1.84
1985-06-17,1.86
1985-06-18,1.91
1985-06-19,1.95
1985-06-20,1.97
1985-06-21,2.02
1985-06-24,2.16
1985-06-25,2.19
1985-06-26,2.27
1985-06-27,2.3
1985-06-28,2.25
1985-07-01,2.27
1985-07-02,2.16
1985-07-03,2.19
1985-07-05,2.2
1985-07-08,2.2
1985-07-09,2.2
1985-07-10,2.25
1985-07-11,2.25
1985-07-12,2.23
1985-07-15,2.22
1985-07-16,2.19
1985-07-17,2.2
1985-07-18,2.16
1985-07-19,2.17
1985-07-22,2.11
1985-07-23,2.06
1985-07-24,2.03
1985-07-25,2.08
1985-07-26,2.08
1985-07-29,2.0
1985-07-30,2.03
1985-07-31,1.98
1985-08-01,1.98
1985-08-02,1.97
1985-08-05,1.92
1985-08-06,1.91
1985-08-07,1.86
1985-08-08,1.89
1985-08-09,1.91
1985-08-12,1.87
1985-08-13,1.91
1985-08-14,1.83
1985-08-15,1.81
1985-08-16,1.83
1985-08-19,1.87
1985-08-20,1.91
1985-08-21,1.91
1985-08-22,1.86
1985-08-23,1.84
1985-08-26,1.89
1985-08-27,1.91
1985-08-28,1.91
1985-08-29,1.86
1985-08-30,1.87
1985-09-03,1.84
1985-09-04,1.86
1985-09-05,1.86
1985-09-06,1.87
1985-09-09,1.91
1985-09-10,1.92
1985-09-11,1.94
1985-09-12,2.02
1985-09-13,1.97
1985-09-16,1.91
1985-09-17,1.91
1985-09-18,2.03
1985-09-19,2.13
1985-09-20,2.09
1985-09-23,2.11
1985-09-24,2.06
1985-09-25,1.98
1985-09-26,1.98
1985-09-30,1.97
1985-10-01,1.97
1985-10-02,1.95
1985-10-03,1.94
1985-10-04,1.87
1985-10-07,1.87
1985-10-08,1.89
1985-10-09,1.87
1985-10-10,1.98
1985-10-11,2.0
1985-10-14,2.08
1985-10-15,2.13
1985-10-16,2.25
1985-10-17,2.28
1985-10-18,2.22
1985-10-21,2.16
1985-10-22,2.25
1985-10-23,2.25
1985-10-24,2.3
1985-10-25,2.25
1985-10-28,2.25
1985-10-29,2.23
1985-10-30,2.37
1985-10-31,2.33
1985-11-01,2.33
1985-11-04,2.34
1985-11-05,2.33
1985-11-06,2.41
1985-11-07,2.45
1985-11-08,2.56
1985-11-11,2.5
1985-11-12,2.48
1985-11-13,2.42
1985-11-14,2.5
1985-11-15,2.48
1985-11-18,2.48
1985-11-19,2.41
1985-11-20,2.37
1985-11-21,2.37
1985-11-22,2.37
1985-11-25,2.39
1985-11-26,2.42
1985-11-27,2.5
1985-11-29,2.52
1985-12-02,2.53
1985-12-03,2.52
1985-12-04,2.56
1985-12-05,2.52
1985-12-06,2.47
1985-12-09,2.42
1985-12-10,2.44
1985-12-11,2.47
1985-12-12,2.5
1985-12-13,2.5
1985-12-16,2.61
1985-12-17,2.58
1985-12-18,2.78
1985-12-19,2.81
1985-12-20,2.8
1985-12-23,2.73
1985-12-24,2.72
1985-12-26,2.72
1985-12-27,2.8
1985-12-30,2.78
1985-12-31,2.75
1986-01-02,2.78
1986-01-03,2.8
1986-01-06,2.78
1986-01-07,2.88
1986-01-08,2.86
1986-01-09,2.83
1986-01-10,2.84
1986-01-13,2.88
1986-01-14,2.91
1986-01-15,2.98
1986-01-16,3.06
1986-01-17,3.0
1986-01-20,2.98
1986-01-21,3.0
1986-01-22,2.92
1986-01-23,2.88
1986-01-24,2.83
1986-01-27,2.77
1986-01-28,2.78
1986-01-29,2.95
1986-01-30,2.88
1986-01-31,2.89
1986-02-03,2.98
1986-02-04,2.97
1986-02-05,2.97
1986-02-06,3.02
1986-02-07,3.0
1986-02-10,2.98
1986-02-11,2.98
1986-02-12,3.0
1986-02-13,2.98
1986-02-14,2.97
1986-02-18,2.98
1986-02-19,3.12
1986-02-20,3.14
1986-02-21,3.16
1986-02-24,3.22
1986-02-25,3.3
1986-02-26,3.25
1986-02-27,3.2
1986-02-28,3.12
1986-03-03,3.08
1986-03-04,3.08
1986-03-05,3.16
1986-03-06,3.17
1986-03-07,3.09
1986-03-10,3.08
1986-03-11,3.11
1986-03-12,3.09
1986-03-13,3.09
1986-03-14,3.27
1986-03-17,3.25
1986-03-18,3.36
1986-03-19,3.31
1986-03-20,3.53
1986-03-21,3.45
1986-03-24,3.34
1986-03-25,3.48
1986-03-26,3.53
1986-03-27,3.53
1986-03-31,3.53
1986-04-01,3.41
1986-04-02,3.41
1986-04-03,3.38
1986-04-04,3.34
1986-04-07,3.41
1986-04-08,3.45
1986-04-09,3.39
1986-04-10,3.41
1986-04-11,3.38
1986-04-14,3.36
1986-04-15,3.42
1986-04-16,3.53
1986-04-17,3.62
1986-04-18,3.72
1986-04-21,3.8
1986-04-22,3.73
1986-04-23,3.7
1986-04-24,3.92
1986-04-25,4.03
1986-04-28,4.0
1986-04-29,3.91
1986-04-30,3.78
1986-05-01,3.78
1986-05-02,3.81
1986-05-05,4.02
1986-05-06,4.08
1986-05-07,3.94
1986-05-08,4.12
1986-05-09,4.17
1986-05-12,4.55
1986-05-13,4.5
1986-05-14,4.61
1986-05-15,4.5
1986-05-16,4.5
1986-05-19,4.45
1986-05-20,4.42
1986-05-21,4.63
1986-05-22,4.59
1986-05-23,4.63
1986-05-27,4.61
1986-05-28,4.66
1986-05-29,4.63
1986-05-30,4.63
1986-06-02,4.64
1986-06-03,4.73
1986-06-04,4.84
1986-06-05,4.86
1986-06-06,4.72
1986-06-09,4.5
1986-06-10,4.5
1986-06-11,4.52
1986-06-12,4.5
1986-06-13,4.55
1986-06-16,4.48
1986-06-17,4.28
1986-06-18,4.28
1986-06-19,4.38
1986-06-20,4.5
1986-06-23,4.34
1986-06-24,4.36
1986-06-25,4.48
1986-06-26,4.53
1986-06-27,4.48
1986-06-30,4.48
1986-07-01,4.42
1986-07-02,4.52
1986-07-03,4.7
1986-07-07,4.45
1986-07-08,4.28
1986-07-09,4.33
1986-07-10,4.42
1986-07-11,4.64
1986-07-14,4.53
1986-07-15,4.36
1986-07-16,4.19
1986-07-17,4.03
1986-07-18,3.97
1986-07-21,4.19
1986-07-22,4.33
1986-07-23,4.27
1986-07-24,4.14
1986-07-25,4.25
1986-07-28,4.05
1986-07-29,3.91
1986-07-30,3.81
1986-07-31,3.91
1986-08-01,3.92
1986-08-04,3.94
1986-08-05,4.02
1986-08-06,3.89
1986-08-07,3.97
1986-08-08,3.95
1986-08-11,4.19
1986-08-12,4.28
1986-08-13,4.5
1986-08-14,4.5
1986-08-15,4.47
1986-08-18,4.42
1986-08-19,4.42
1986-08-20,4.53
1986-08-21,4.47
1986-08-22,4.53
1986-08-25,4.55
1986-08-26,4.58
1986-08-27,4.63
1986-08-28,4.72
1986-08-29,4.63
1986-09-02,4.34
1986-09-03,4.34
1986-09-04,4.44
1986-09-05,4.39
1986-09-08,4.34
1986-09-09,4.47
1986-09-10,4.38
1986-09-11,4.08
1986-09-12,3.97
1986-09-15,4.14
1986-09-16,4.36
1986-09-17,4.28
1986-09-18,4.25
1986-09-19,4.2
1986-09-22,4.41
1986-09-23,4.52
1986-09-24,4.39
1986-09-25,4.31
1986-09-26,4.28
1986-09-29,4.06
1986-09-30,4.19
1986-10-01,4.27
1986-10-02,4.27
1986-10-03,4.22
1986-10-06,4.27
1986-10-07,4.12
1986-10-08,4.09
1986-10-09,4.12
1986-10-10,4.16
1986-10-13,4.33
1986-10-14,4.25
1986-10-15,4.17
1986-10-16,4.2
1986-10-17,4.2
1986-10-20,4.11
1986-10-21,4.09
1986-10-22,4.06
1986-10-23,4.14
1986-10-24,4.12
1986-10-27,4.25
1986-10-28,4.17
1986-10-29,4.17
1986-10-30,4.28
1986-10-31,4.33
1986-11-03,4.38
1986-11-04,4.47
1986-11-05,4.63
1986-11-06,4.52
1986-11-07,4.47
1986-11-10,4.42
1986-11-11,4.44
1986-11-12,4.58
1986-11-13,4.44
1986-11-14,4.41
1986-11-17,4.55
1986-11-18,4.42
1986-11-19,4.38
1986-11-20,4.41
1986-11-21,4.5
1986-11-24,4.75
1986-11-25,5.03
1986-11-26,5.06
1986-11-28,5.0
1986-12-01,5.02
1986-12-02,5.19
1986-12-03,5.34
1986-12-04,5.31
1986-12-05,5.47
1986-12-08,5.31
1986-12-09,5.3
1986-12-10,5.44
1986-12-11,5.36
1986-12-12,5.16
1986-12-15,5.22
1986-12-16,5.31
1986-12-17,5.16
1986-12-18,5.17
1986-12-19,5.27
1986-12-22,5.27
1986-12-23,5.27
1986-12-24,5.23
1986-12-26,5.13
1986-12-29,5.06
1986-12-30,5.13
1986-12-31,5.06
1987-01-02,5.11
1987-01-05,5.37
1987-01-06,5.47
1987-01-07,5.59
1987-01-08,5.59
1987-01-09,5.67
1987-01-12,5.69
1987-01-13,5.58
1987-01-14,6.02
1987-01-15,6.23
1987-01-16,6.09
1987-01-19,6.64
1987-01-20,6.45
1987-01-21,6.12
1987-01-22,6.56
1987-01-23,6.28
1987-01-26,6.22
1987-01-27,6.59
1987-01-28,6.92
1987-01-29,6.77
1987-01-30,6.94
1987-02-02,6.98
1987-02-03,6.94
1987-02-04,6.88
1987-02-05,6.73
1987-02-06,6.75
1987-02-09,6.58
1987-02-10,6.59
1987-02-11,7.06
1987-02-12,7.33
1987-02-13,7.77
1987-02-17,8.3
1987-02-18,7.94
1987-02-19,7.8
1987-02-20,7.66
1987-02-23,7.89
1987-02-24,8.19
1987-02-25,8.64
1987-02-26,8.64
1987-02-27,8.75
1987-03-02,8.44
1987-03-03,8.13
1987-03-04,8.45
1987-03-05,8.56
1987-03-06,8.41
1987-03-09,8.08
1987-03-10,8.34
1987-03-11,8.28
1987-03-12,8.16
1987-03-13,7.94
1987-03-16,8.16
1987-03-17,8.37
1987-03-18,8.25
1987-03-19,8.55
1987-03-20,8.53
1987-03-23,8.44
1987-03-24,8.28
1987-03-25,8.34
1987-03-26,8.41
1987-03-27,8.13
1987-03-30,7.81
1987-03-31,8.06
1987-04-01,8.34
1987-04-02,8.97
1987-04-03,8.97
1987-04-06,8.75
1987-04-07,8.47
1987-04-08,8.63
1987-04-09,8.87
1987-04-10,8.78
1987-04-13,8.44
1987-04-14,8.5
1987-04-15,8.87
1987-04-16,8.94
1987-04-20,8.89
1987-04-21,9.34
1987-04-22,9.28
1987-04-23,9.5
1987-04-24,9.34
1987-04-27,9.37
1987-04-28,9.62
1987-04-29,9.72
1987-04-30,9.91
1987-05-01,10.0
1987-05-04,9.97
1987-05-05,10.03
1987-05-06,10.0
1987-05-07,10.03
1987-05-08,9.88
1987-05-11,9.62
1987-05-12,9.44
1987-05-13,9.81
1987-05-14,9.91
1987-05-15,9.78
1987-05-18,9.47
1987-05-19,9.16
1987-05-20,9.31
1987-05-21,9.31
1987-05-22,9.27
1987-05-26,9.75
1987-05-27,9.94
1987-05-28,10.0
1987-05-29,9.88
1987-06-01,9.72
1987-06-02,9.66
1987-06-03,9.72
1987-06-04,9.81
1987-06-05,9.72
1987-06-08,9.72
1987-06-09,9.81
1987-06-10,9.81
1987-06-11,9.88
1987-06-12,9.88
1987-06-15,9.81
1987-06-16,10.38
1987-06-17,10.12
1987-06-18,10.38
1987-06-19,10.25
1987-06-22,10.5
1987-06-23,10.31
1987-06-24,10.5
1987-06-25,10.12
1987-06-26,10.12
1987-06-29,10.19
1987-06-30,10.12
1987-07-01,10.0
1987-07-02,10.16
1987-07-06,10.19
1987-07-07,9.81
1987-07-08,9.31
1987-07-09,9.44
1987-07-10,9.5
1987-07-13,10.12
1987-07-14,10.75
1987-07-15,11.0
1987-07-16,11.0
1987-07-17,10.81
1987-07-20,10.44
1987-07-21,10.34
1987-07-22,10.62
1987-07-23,10.44
1987-07-24,10.62
1987-07-27,10.56
1987-07-28,10.47
1987-07-29,10.25
1987-07-30,10.38
1987-07-31,10.31
1987-08-03,10.06
1987-08-04,10.56
1987-08-05,10.81
1987-08-06,11.56
1987-08-07,11.63
1987-08-10,12.06
1987-08-11,12.37
1987-08-12,12.19
1987-08-13,12.25
1987-08-14,12.25
1987-08-17,12.37
1987-08-18,12.19
1987-08-19,12.5
1987-08-20,12.94
1987-08-21,13.25
1987-08-24,13.06
1987-08-25,13.0
1987-08-26,13.0
1987-08-27,13.0
1987-08-28,13.0
1987-08-31,13.5
1987-09-01,13.12
1987-09-02,13.0
1987-09-03,12.81
1987-09-04,12.63
1987-09-08,12.47
1987-09-09,13.19
1987-09-10,13.44
1987-09-11,13.62
1987-09-14,13.25
1987-09-15,12.94
1987-09-16,12.94
1987-09-17,13.0
1987-09-18,12.94
1987-09-21,12.56
1987-09-22,13.53
1987-09-23,13.81
1987-09-24,14.12
1987-09-25,14.38
1987-09-28,13.94
1987-09-29,13.62
1987-09-30,14.12
1987-10-01,14.56
1987-10-02,14.62
1987-10-05,14.81
1987-10-06,13.94
1987-10-07,13.88
1987-10-08,13.56
1987-10-09,13.53
1987-10-12,13.31
1987-10-13,13.62
1987-10-14,13.31
1987-10-15,13.0
1987-10-16,12.06
1987-10-19,9.13
1987-10-20,8.63
1987-10-21,10.12
1987-10-22,9.19
1987-10-23,8.87
1987-10-26,7.0
1987-10-27,7.56
1987-10-28,8.37
1987-10-29,9.88
1987-10-30,9.66
1987-11-02,9.69
1987-11-03,9.06
1987-11-04,9.0
1987-11-05,9.5
1987-11-06,9.44
1987-11-09,9.31
1987-11-10,9.06
1987-11-11,9.31
1987-11-12,9.69
1987-11-13,9.31
1987-11-16,9.19
1987-11-17,8.75
1987-11-18,9.06
1987-11-19,8.63
1987-11-20,8.87
1987-11-23,9.06
1987-11-24,9.25
1987-11-25,9.13
1987-11-27,8.75
1987-11-30,8.25
1987-12-01,8.31
1987-12-02,8.13
1987-12-03,7.62
1987-12-04,7.69
1987-12-07,8.25
1987-12-08,8.63
1987-12-09,8.75
1987-12-10,8.69
1987-12-11,8.5
1987-12-14,9.31
1987-12-15,9.37
1987-12-16,9.81
1987-12-17,9.81
1987-12-18,10.12
1987-12-21,10.44
1987-12-22,10.38
1987-12-23,10.56
1987-12-24,10.66
1987-12-28,10.06
1987-12-29,10.53
1987-12-30,10.84
1987-12-31,10.5
1988-01-04,11.19
1988-01-05,11.16
1988-01-06,10.94
1988-01-07,11.12
1988-01-08,10.0
1988-01-11,10.62
1988-01-12,10.5
1988-01-13,10.56
1988-01-14,10.56
1988-01-15,10.72
1988-01-18,10.69
1988-01-19,10.69
1988-01-20,9.94
1988-01-21,10.03
1988-01-22,9.81
1988-01-25,10.22
1988-01-26,9.94
1988-01-27,9.94
1988-01-28,10.31
1988-01-29,10.38
1988-02-01,10.44
1988-02-02,10.31
1988-02-03,9.88
1988-02-04,9.94
1988-02-05,9.66
1988-02-08,9.69
1988-02-09,9.94
1988-02-10,10.25
1988-02-11,10.16
1988-02-12,10.25
1988-02-16,10.31
1988-02-17,10.47
1988-02-18,10.44
1988-02-19,10.44
1988-02-22,10.81
1988-02-23,10.69
1988-02-24,10.56
1988-02-25,10.44
1988-02-26,10.44
1988-02-29,10.75
1988-03-01,10.81
1988-03-02,11.19
1988-03-03,11.63
1988-03-04,11.72
1988-03-07,11.72
1988-03-08,11.56
1988-03-09,11.69
1988-03-10,11.31
1988-03-11,11.44
1988-03-14,11.56
1988-03-15,11.25
1988-03-16,11.53
1988-03-17,11.25
1988-03-18,11.19
1988-03-21,10.97
1988-03-22,11.0
1988-03-23,10.62
1988-03-24,10.22
1988-03-25,10.03
1988-03-28,10.38
1988-03-29,10.25
1988-03-30,9.88
1988-03-31,10.0
1988-04-04,9.69
1988-04-05,9.81
1988-04-06,10.44
1988-04-07,10.19
1988-04-08,10.25
1988-04-11,10.38
1988-04-12,10.44
1988-04-13,10.31
1988-04-14,9.88
1988-04-15,9.88
1988-04-18,10.0
1988-04-19,10.06
1988-04-20,9.94
1988-04-21,9.88
1988-04-22,10.03
1988-04-25,10.22
1988-04-26,10.38
1988-04-27,10.44
1988-04-28,10.34
1988-04-29,10.25
1988-05-02,10.25
1988-05-03,10.44
1988-05-04,10.5
1988-05-05,10.44
1988-05-06,10.31
1988-05-09,10.19
1988-05-10,10.22
1988-05-11,9.88
1988-05-12,9.94
1988-05-13,10.12
1988-05-16,10.31
1988-05-17,10.12
1988-05-18,9.94
1988-05-19,9.75
1988-05-20,9.69
1988-05-23,9.5
1988-05-24,9.72
1988-05-25,9.62
1988-05-26,9.84
1988-05-27,9.94
1988-05-31,10.38
1988-06-01,10.62
1988-06-02,10.44
1988-06-03,10.75
1988-06-06,11.0
1988-06-07,11.0
1988-06-08,11.25
1988-06-09,10.88
1988-06-10,11.12
1988-06-13,11.25
1988-06-14,11.31
1988-06-15,11.44
1988-06-16,11.12
1988-06-17,11.19
1988-06-20,11.03
1988-06-21,11.22
1988-06-22,11.41
1988-06-23,11.25
1988-06-24,11.25
1988-06-27,11.12
1988-06-28,11.56
1988-06-29,11.59
1988-06-30,11.56
1988-07-01,11.63
1988-07-05,11.81
1988-07-06,11.63
1988-07-07,11.47
1988-07-08,11.31
1988-07-11,11.28
1988-07-12,11.19
1988-07-13,11.19
1988-07-14,11.25
1988-07-15,11.25
1988-07-18,11.38
1988-07-19,11.19
1988-07-20,11.06
1988-07-21,10.75
1988-07-22,10.62
1988-07-25,10.69
1988-07-26,10.69
1988-07-27,10.69
1988-07-28,10.66
1988-07-29,11.09
1988-08-01,11.25
1988-08-02,11.16
1988-08-03,11.19
1988-08-04,11.16
1988-08-05,11.06
1988-08-08,11.0
1988-08-09,10.88
1988-08-10,10.47
1988-08-11,10.81
1988-08-12,10.62
1988-08-15,10.31
1988-08-16,10.62
1988-08-17,10.5
1988-08-18,10.62
1988-08-19,10.19
1988-08-22,9.94
1988-08-23,9.88
1988-08-24,10.19
1988-08-25,10.03
1988-08-26,10.06
1988-08-29,10.22
1988-08-30,10.22
1988-08-31,9.97
1988-09-01,9.72
1988-09-02,9.94
1988-09-06,9.72
1988-09-07,9.56
1988-09-08,9.69
1988-09-09,10.12
1988-09-12,10.25
1988-09-13,10.25
1988-09-14,10.5
1988-09-15,10.41
1988-09-16,10.56
1988-09-19,10.44
1988-09-20,10.38
1988-09-21,10.69
1988-09-22,11.0
1988-09-23,10.94
1988-09-26,10.69
1988-09-27,10.84
1988-09-28,10.88
1988-09-29,11.0
1988-09-30,10.81
1988-10-03,10.62
1988-10-04,10.38
1988-10-05,10.22
1988-10-06,9.94
1988-10-07,9.94
1988-10-10,9.62
1988-10-11,9.75
1988-10-12,9.69
1988-10-13,9.75
1988-10-14,9.69
1988-10-17,9.62
1988-10-18,9.84
1988-10-19,10.0
1988-10-20,10.38
1988-10-21,10.25
1988-10-24,10.0
1988-10-25,9.97
1988-10-26,9.81
1988-10-27,9.75
1988-10-28,9.62
1988-10-31,9.66
1988-11-01,9.5
1988-11-02,9.31
1988-11-03,9.28
1988-11-04,9.44
1988-11-07,9.37
1988-11-08,9.62
1988-11-09,9.81
1988-11-10,9.88
1988-11-11,9.62
1988-11-14,9.72
1988-11-15,9.75
1988-11-16,9.5
1988-11-17,9.56
1988-11-18,9.5
1988-11-21,9.16
1988-11-22,9.03
1988-11-23,9.22
1988-11-25,9.13
1988-11-28,9.13
1988-11-29,9.19
1988-11-30,9.41
1988-12-01,9.69
1988-12-02,9.81
1988-12-05,9.88
1988-12-06,9.88
1988-12-07,9.84
1988-12-08,9.78
1988-12-09,9.78
1988-12-12,9.62
1988-12-13,9.69
1988-12-14,9.94
1988-12-15,9.88
1988-12-16,10.03
1988-12-19,10.19
1988-12-20,10.25
1988-12-21,10.44
1988-12-22,10.25
1988-12-23,10.28
1988-12-27,10.12
1988-12-28,10.06
1988-12-29,10.12
1988-12-30,10.06
1989-01-03,10.09
1989-01-04,10.5
1989-01-05,10.56
1989-01-06,10.66
1989-01-09,10.75
1989-01-10,10.66
1989-01-11,10.53
1989-01-12,10.69
1989-01-13,10.81
1989-01-16,10.94
1989-01-17,10.09
1989-01-18,9.94
1989-01-19,10.12
1989-01-20,10.25
1989-01-23,10.25
1989-01-24,10.41
1989-01-25,10.38
1989-01-26,10.44
1989-01-27,9.41
1989-01-30,9.34
1989-01-31,9.44
1989-02-01,9.81
1989-02-02,9.94
1989-02-03,9.81
1989-02-06,9.62
1989-02-07,9.75
1989-02-08,9.56
1989-02-09,9.56
1989-02-10,9.31
1989-02-13,9.25
1989-02-14,8.94
1989-02-15,9.06
1989-02-16,9.09
1989-02-17,9.19
1989-02-21,9.37
1989-02-22,9.19
1989-02-23,9.19
1989-02-24,9.0
1989-02-27,9.13
1989-02-28,9.06
1989-03-01,9.0
1989-03-02,8.75
1989-03-03,8.69
1989-03-06,8.87
1989-03-07,8.94
1989-03-08,8.81
1989-03-09,8.63
1989-03-10,8.75
1989-03-13,8.75
1989-03-14,8.81
1989-03-15,8.75
1989-03-16,8.81
1989-03-17,8.72
1989-03-20,8.72
1989-03-21,8.72
1989-03-22,8.47
1989-03-23,8.59
1989-03-27,8.44
1989-03-28,8.5
1989-03-29,8.56
1989-03-30,8.69
1989-03-31,8.91
1989-04-03,8.75
1989-04-04,8.63
1989-04-05,8.75
1989-04-06,9.0
1989-04-07,9.34
1989-04-10,9.25
1989-04-11,9.44
1989-04-12,9.62
1989-04-13,9.62
1989-04-14,9.69
1989-04-17,9.81
1989-04-18,10.03
1989-04-19,10.22
1989-04-20,10.19
1989-04-21,10.03
1989-04-24,10.03
1989-04-25,10.0
1989-04-26,9.94
1989-04-27,9.84
1989-04-28,9.75
1989-05-01,9.75
1989-05-02,9.97
1989-05-03,10.06
1989-05-04,10.25
1989-05-05,10.38
1989-05-08,10.56
1989-05-09,10.62
1989-05-10,10.81
1989-05-11,10.97
1989-05-12,11.25
1989-05-15,11.5
1989-05-16,11.34
1989-05-17,11.31
1989-05-18,11.19
1989-05-19,11.44
1989-05-22,11.5
1989-05-23,11.38
1989-05-24,11.94
1989-05-25,12.06
1989-05-26,12.13
1989-05-30,11.87
1989-05-31,11.94
1989-06-01,12.19
1989-06-02,12.25
1989-06-05,11.75
1989-06-06,11.69
1989-06-07,12.06
1989-06-08,11.91
1989-06-09,11.75
1989-06-12,11.87
1989-06-13,12.13
1989-06-14,12.41
1989-06-15,11.87
1989-06-16,11.12
1989-06-19,11.0
1989-06-20,10.75
1989-06-21,10.62
1989-06-22,10.81
1989-06-23,10.97
1989-06-26,10.88
1989-06-27,10.66
1989-06-28,10.44
1989-06-29,10.16
1989-06-30,10.31
1989-07-03,10.19
1989-07-05,10.12
1989-07-06,10.31
1989-07-07,10.31
1989-07-10,10.12
1989-07-11,9.94
1989-07-12,10.0
1989-07-13,10.16
1989-07-14,10.19
1989-07-17,10.19
1989-07-18,9.81
1989-07-19,10.12
1989-07-20,10.0
1989-07-21,10.0
1989-07-24,9.81
1989-07-25,9.69
1989-07-26,9.56
1989-07-27,9.81
1989-07-28,9.84
1989-07-31,9.94
1989-08-01,9.97
1989-08-02,10.12
1989-08-03,10.31
1989-08-04,10.69
1989-08-07,10.94
1989-08-08,11.03
1989-08-09,11.0
1989-08-10,10.81
1989-08-11,10.47
1989-08-14,10.19
1989-08-15,10.34
1989-08-16,10.09
1989-08-17,10.25
1989-08-18,10.56
1989-08-21,10.56
1989-08-22,10.72
1989-08-23,10.94
1989-08-24,11.03
1989-08-25,11.19
1989-08-28,11.19
1989-08-29,11.03
1989-08-30,11.12
1989-08-31,11.12
1989-09-01,11.16
1989-09-05,11.19
1989-09-06,11.19
1989-09-07,11.19
1989-09-08,11.25
1989-09-11,11.44
1989-09-12,11.5
1989-09-13,11.25
1989-09-14,11.19
1989-09-15,11.25
1989-09-18,11.0
1989-09-19,10.81
1989-09-20,11.16
1989-09-21,11.19
1989-09-22,11.22
1989-09-25,11.31
1989-09-26,11.31
1989-09-27,11.19
1989-09-28,11.38
1989-09-29,11.12
1989-10-02,11.09
1989-10-03,10.91
1989-10-04,11.06
1989-10-05,11.38
1989-10-06,12.03
1989-10-09,12.37
1989-10-10,12.37
1989-10-11,12.22
1989-10-12,12.19
1989-10-13,11.44
1989-10-16,11.69
1989-10-17,11.81
1989-10-18,12.06
1989-10-19,12.19
1989-10-20,12.0
1989-10-23,11.69
1989-10-24,11.91
1989-10-25,11.63
1989-10-26,11.31
1989-10-27,11.31
1989-10-30,11.44
1989-10-31,11.63
1989-11-01,11.53
1989-11-02,11.0
1989-11-03,10.81
1989-11-06,10.81
1989-11-07,11.0
1989-11-08,11.25
1989-11-09,11.5
1989-11-10,11.69
1989-11-13,11.63
1989-11-14,11.19
1989-11-15,11.06
1989-11-16,11.19
1989-11-17,11.19
1989-11-20,11.31
1989-11-21,11.31
1989-11-22,11.19
1989-11-24,11.19
1989-11-27,11.0
1989-11-28,11.03
1989-11-29,11.0
1989-11-30,11.06
1989-12-01,11.0
1989-12-04,11.31
1989-12-05,11.25
1989-12-06,10.69
1989-12-07,10.69
1989-12-08,10.44
1989-12-11,9.81
1989-12-12,9.0
1989-12-13,9.0
1989-12-14,8.72
1989-12-15,8.44
1989-12-18,8.69
1989-12-19,8.75
1989-12-20,8.94
1989-12-21,9.06
1989-12-22,9.13
1989-12-26,8.87
1989-12-27,8.78
1989-12-28,8.66
1989-12-29,8.81
1990-01-02,9.31
1990-01-03,9.37
1990-01-04,9.41
1990-01-05,9.44
1990-01-08,9.5
1990-01-09,9.41
1990-01-10,9.0
1990-01-11,8.63
1990-01-12,8.63
1990-01-15,8.56
1990-01-16,8.72
1990-01-17,8.31
1990-01-18,8.09
1990-01-19,8.56
1990-01-22,8.31
1990-01-23,8.44
1990-01-24,8.5
1990-01-25,8.53
1990-01-26,8.19
1990-01-29,8.31
1990-01-30,8.5
1990-01-31,8.5
1990-02-01,8.41
1990-02-02,8.56
1990-02-05,8.75
1990-02-06,8.69
1990-02-07,8.31
1990-02-08,8.25
1990-02-09,8.56
1990-02-12,8.5
1990-02-13,8.63
1990-02-14,8.56
1990-02-15,8.56
1990-02-16,8.44
1990-02-20,8.37
1990-02-21,8.5
1990-02-22,8.25
1990-02-23,8.31
1990-02-26,8.5
1990-02-27,8.37
1990-02-28,8.5
1990-03-01,8.56
1990-03-02,8.44
1990-03-05,8.63
1990-03-06,8.81
1990-03-07,8.84
1990-03-08,9.19
1990-03-09,9.22
1990-03-12,9.16
1990-03-13,9.22
1990-03-14,9.25
1990-03-15,9.19
1990-03-16,10.06
1990-03-19,10.59
1990-03-20,10.34
1990-03-21,10.41
1990-03-22,10.19
1990-03-23,10.56
1990-03-26,10.56
1990-03-27,10.5
1990-03-28,10.31
1990-03-29,10.28
1990-03-30,10.06
1990-04-02,10.06
1990-04-03,10.44
1990-04-04,10.31
1990-04-05,10.06
1990-04-06,9.97
1990-04-09,10.28
1990-04-10,10.31
1990-04-11,10.62
1990-04-12,10.81
1990-04-16,10.94
1990-04-17,10.81
1990-04-18,10.81
1990-04-19,10.06
1990-04-20,10.06
1990-04-23,9.94
1990-04-24,9.69
1990-04-25,9.69
1990-04-26,9.72
1990-04-27,9.78
1990-04-30,9.84
1990-05-01,9.91
1990-05-02,9.94
1990-05-03,10.0
1990-05-04,10.0
1990-05-07,10.38
1990-05-08,10.44
1990-05-09,10.47
1990-05-10,10.34
1990-05-11,10.66
1990-05-14,10.44
1990-05-15,10.44
1990-05-16,10.41
1990-05-17,10.38
1990-05-18,9.94
1990-05-21,9.88
1990-05-22,10.34
1990-05-23,10.5
1990-05-24,10.5
1990-05-25,10.0
1990-05-29,10.25
1990-05-30,10.34
1990-05-31,10.31
1990-06-01,10.19
1990-06-04,10.19
1990-06-05,9.88
1990-06-06,9.88
1990-06-07,9.75
1990-06-08,9.56
1990-06-11,9.75
1990-06-12,10.12
1990-06-13,9.94
1990-06-14,9.94
1990-06-15,9.88
1990-06-18,9.81
1990-06-19,9.91
1990-06-20,10.0
1990-06-21,10.47
1990-06-22,10.38
1990-06-25,10.31
1990-06-26,10.16
1990-06-27,10.38
1990-06-28,10.75
1990-06-29,11.19
1990-07-02,11.0
1990-07-03,11.0
1990-07-05,10.88
1990-07-06,11.19
1990-07-09,11.66
1990-07-10,11.75
1990-07-11,11.75
1990-07-12,11.84
1990-07-13,11.69
1990-07-16,11.41
1990-07-17,11.06
1990-07-18,11.16
1990-07-19,10.44
1990-07-20,10.25
1990-07-23,10.38
1990-07-24,10.53
1990-07-25,10.56
1990-07-26,10.34
1990-07-27,10.34
1990-07-30,10.59
1990-07-31,10.5
1990-08-01,10.59
1990-08-02,10.88
1990-08-03,10.31
1990-08-06,9.88
1990-08-07,9.88
1990-08-08,10.03
1990-08-09,9.88
1990-08-10,9.69
1990-08-13,9.97
1990-08-14,9.94
1990-08-15,9.81
1990-08-16,9.62
1990-08-17,9.13
1990-08-20,9.19
1990-08-21,9.06
1990-08-22,8.78
1990-08-23,8.63
1990-08-24,8.87
1990-08-27,9.44
1990-08-28,9.53
1990-08-29,9.31
1990-08-30,9.06
1990-08-31,9.25
1990-09-04,9.25
1990-09-05,9.0
1990-09-06,8.94
1990-09-07,9.09
1990-09-10,8.94
1990-09-11,8.5
1990-09-12,8.5
1990-09-13,8.44
1990-09-14,8.5
1990-09-17,8.44
1990-09-18,8.34
1990-09-19,8.13
1990-09-20,7.91
1990-09-21,7.88
1990-09-24,7.56
1990-09-25,7.5
1990-09-26,7.44
1990-09-27,7.06
1990-09-28,7.25
1990-10-01,7.62
1990-10-02,7.41
1990-10-03,6.75
1990-10-04,7.0
1990-10-05,7.0
1990-10-08,7.28
1990-10-09,7.0
1990-10-10,6.62
1990-10-11,6.94
1990-10-12,7.06
1990-10-15,6.94
1990-10-16,6.25
1990-10-17,6.62
1990-10-18,7.12
1990-10-19,7.84
1990-10-22,7.78
1990-10-23,7.75
1990-10-24,7.62
1990-10-25,7.5
1990-10-26,7.5
1990-10-29,7.47
1990-10-30,7.59
1990-10-31,7.69
1990-11-01,7.62
1990-11-02,7.94
1990-11-05,8.31
1990-11-06,8.37
1990-11-07,8.31
1990-11-08,8.63
1990-11-09,8.87
1990-11-12,9.06
1990-11-13,9.0
1990-11-14,9.25
1990-11-15,9.0
1990-11-16,8.78
1990-11-19,9.09
1990-11-20,8.87
1990-11-21,9.03
1990-11-23,9.09
1990-11-26,9.19
1990-11-27,9.37
1990-11-28,9.19
1990-11-29,9.19
1990-11-30,9.19
1990-12-03,9.53
1990-12-04,9.62
1990-12-05,10.03
1990-12-06,10.31
1990-12-07,10.62
1990-12-10,10.44
1990-12-11,10.0
1990-12-12,9.91
1990-12-13,10.19
1990-12-14,9.97
1990-12-17,10.03
1990-12-18,10.56
1990-12-19,10.47
1990-12-20,11.0
1990-12-21,11.25
1990-12-24,11.0
1990-12-26,10.94
1990-12-27,10.88
1990-12-28,10.75
1990-12-31,10.75
1991-01-02,10.88
1991-01-03,10.75
1991-01-04,10.81
1991-01-07,10.81
1991-01-08,10.81
1991-01-09,11.31
1991-01-10,11.78
1991-01-11,11.75
1991-01-14,11.56
1991-01-15,11.69
1991-01-16,12.44
1991-01-17,12.81
1991-01-18,12.56
1991-01-21,12.69
1991-01-22,12.81
1991-01-23,12.94
1991-01-24,13.03
1991-01-25,13.38
1991-01-28,13.62
1991-01-29,13.44
1991-01-30,13.88
1991-01-31,13.88
1991-02-01,13.94
1991-02-04,13.81
1991-02-05,14.44
1991-02-06,14.22
1991-02-07,14.44
1991-02-08,14.97
1991-02-11,15.34
1991-02-12,15.0
1991-02-13,15.0
1991-02-14,14.28
1991-02-15,14.41
1991-02-19,15.0
1991-02-20,15.25
1991-02-21,14.75
1991-02-22,14.94
1991-02-25,14.5
1991-02-26,14.56
1991-02-27,14.56
1991-02-28,14.31
1991-03-01,14.44
1991-03-04,14.59
1991-03-05,15.78
1991-03-06,15.75
1991-03-07,16.81
1991-03-08,16.25
1991-03-11,15.87
1991-03-12,15.72
1991-03-13,16.56
1991-03-14,16.31
1991-03-15,16.56
1991-03-18,16.94
1991-03-19,17.38
1991-03-20,16.94
1991-03-21,16.19
1991-03-22,15.81
1991-03-25,16.13
1991-03-26,17.5
1991-03-27,17.31
1991-03-28,17.0
1991-04-01,17.12
1991-04-02,18.19
1991-04-03,17.5
1991-04-04,17.88
1991-04-05,17.34
1991-04-08,17.5
1991-04-09,17.19
1991-04-10,16.72
1991-04-11,17.75
1991-04-12,17.94
1991-04-15,15.56
1991-04-16,16.06
1991-04-17,15.81
1991-04-18,15.25
1991-04-19,14.91
1991-04-22,15.37
1991-04-23,15.37
1991-04-24,15.19
1991-04-25,14.62
1991-04-26,14.66
1991-04-29,14.56
1991-04-30,13.75
1991-05-01,11.81
1991-05-02,12.25
1991-05-03,12.25
1991-05-06,12.56
1991-05-07,12.66
1991-05-08,12.44
1991-05-09,12.69
1991-05-10,12.81
1991-05-13,13.19
1991-05-14,13.38
1991-05-15,12.63
1991-05-16,12.25
1991-05-17,11.75
1991-05-20,11.06
1991-05-21,11.31
1991-05-22,11.56
1991-05-23,11.28
1991-05-24,11.47
1991-05-28,11.5
1991-05-29,11.75
1991-05-30,11.91
1991-05-31,11.75
1991-06-03,12.31
1991-06-04,12.28
1991-06-05,12.0
1991-06-06,11.66
1991-06-07,11.53
1991-06-10,11.5
1991-06-11,11.16
1991-06-12,10.59
1991-06-13,10.53
1991-06-14,10.28
1991-06-17,10.5
1991-06-18,10.53
1991-06-19,10.44
1991-06-20,10.5
1991-06-21,10.5
1991-06-24,10.44
1991-06-25,10.59
1991-06-26,10.75
1991-06-27,10.62
1991-06-28,10.38
1991-07-01,10.62
1991-07-02,10.56
1991-07-03,10.78
1991-07-05,11.41
1991-07-08,11.69
1991-07-09,11.72
1991-07-10,11.81
1991-07-11,11.69
1991-07-12,11.69
1991-07-15,11.38
1991-07-16,10.94
1991-07-17,10.62
1991-07-18,11.22
1991-07-19,11.5
1991-07-22,11.5
1991-07-23,11.25
1991-07-24,11.25
1991-07-25,11.31
1991-07-26,11.22
1991-07-29,11.38
1991-07-30,11.63
1991-07-31,11.56
1991-08-01,12.28
1991-08-02,12.5
1991-08-05,12.13
1991-08-06,12.37
1991-08-07,12.59
1991-08-08,12.63
1991-08-09,12.69
1991-08-12,12.94
1991-08-13,13.38
1991-08-14,13.72
1991-08-15,13.31
1991-08-16,13.31
1991-08-19,12.63
1991-08-20,12.75
1991-08-21,13.44
1991-08-22,13.56
1991-08-23,13.25
1991-08-26,13.25
1991-08-27,13.5
1991-08-28,13.31
1991-08-29,13.25
1991-08-30,13.25
1991-09-03,13.12
1991-09-04,12.87
1991-09-05,12.75
1991-09-06,12.87
1991-09-09,13.31
1991-09-10,12.53
1991-09-11,12.63
1991-09-12,12.66
1991-09-13,12.16
1991-09-16,11.81
1991-09-17,12.25
1991-09-18,12.53
1991-09-19,12.44
1991-09-20,12.66
1991-09-23,12.37
1991-09-24,12.56
1991-09-25,12.63
1991-09-26,12.5
1991-09-27,12.25
1991-09-30,12.37
1991-10-01,12.69
1991-10-02,12.44
1991-10-03,11.94
1991-10-04,12.06
1991-10-07,12.03
1991-10-08,12.06
1991-10-09,12.0
1991-10-10,11.94
1991-10-11,12.13
1991-10-14,12.47
1991-10-15,13.12
1991-10-16,13.38
1991-10-17,13.09
1991-10-18,13.75
1991-10-21,13.69
1991-10-22,13.62
1991-10-23,13.28
1991-10-24,13.03
1991-10-25,12.81
1991-10-28,12.87
1991-10-29,12.94
1991-10-30,12.44
1991-10-31,12.87
1991-11-01,12.75
1991-11-04,12.44
1991-11-05,12.19
1991-11-06,12.0
1991-11-07,12.44
1991-11-08,13.31
1991-11-11,13.44
1991-11-12,13.62
1991-11-13,13.53
1991-11-14,13.69
1991-11-15,12.5
1991-11-18,13.03
1991-11-19,12.81
1991-11-20,12.63
1991-11-21,12.75
1991-11-22,12.81
1991-11-25,12.81
1991-11-26,12.87
1991-11-27,12.75
1991-11-29,12.69
1991-12-02,12.94
1991-12-03,12.63
1991-12-04,12.63
1991-12-05,12.5
1991-12-06,12.19
1991-12-09,12.28
1991-12-10,12.28
1991-12-11,12.25
1991-12-12,12.34
1991-12-13,12.59
1991-12-16,12.63
1991-12-17,12.63
1991-12-18,12.94
1991-12-19,12.69
1991-12-20,12.56
1991-12-23,12.87
1991-12-24,13.06
1991-12-26,13.72
1991-12-27,13.75
1991-12-30,14.19
1991-12-31,14.09
1992-01-02,14.88
1992-01-03,14.75
1992-01-06,14.5
1992-01-07,14.78
1992-01-08,15.13
1992-01-09,15.56
1992-01-10,15.56
1992-01-13,15.5
1992-01-14,16.13
1992-01-15,15.87
1992-01-16,15.69
1992-01-17,16.19
1992-01-20,16.0
1992-01-21,15.28
1992-01-22,15.87
1992-01-23,16.13
1992-01-24,16.16
1992-01-27,16.13
1992-01-28,16.31
1992-01-29,15.81
1992-01-30,15.94
1992-01-31,16.19
1992-02-03,16.44
1992-02-04,16.44
1992-02-05,16.53
1992-02-06,16.03
1992-02-07,16.0
1992-02-10,15.78
1992-02-11,15.72
1992-02-12,16.31
1992-02-13,16.06
1992-02-14,16.03
1992-02-18,15.69
1992-02-19,15.5
1992-02-20,16.16
1992-02-21,16.25
1992-02-24,16.53
1992-02-25,17.12
1992-02-26,17.47
1992-02-27,17.12
1992-02-28,16.88
1992-03-02,16.81
1992-03-03,16.59
1992-03-04,16.25
1992-03-05,15.87
1992-03-06,16.0
1992-03-09,15.94
1992-03-10,15.94
1992-03-11,15.81
1992-03-12,15.69
1992-03-13,15.78
1992-03-16,15.84
1992-03-17,15.72
1992-03-18,15.94
1992-03-19,15.75
1992-03-20,15.81
1992-03-23,15.75
1992-03-24,16.25
1992-03-25,16.13
1992-03-26,16.0
1992-03-27,15.25
1992-03-30,14.53
1992-03-31,14.56
1992-04-01,14.75
1992-04-02,14.69
1992-04-03,14.75
1992-04-06,15.19
1992-04-07,14.31
1992-04-08,13.97
1992-04-09,14.31
1992-04-10,13.88
1992-04-13,14.12
1992-04-14,14.69
1992-04-15,15.13
1992-04-16,14.75
1992-04-20,14.19
1992-04-21,14.06
1992-04-22,14.41
1992-04-23,14.25
1992-04-24,14.12
1992-04-27,13.94
1992-04-28,13.56
1992-04-29,14.25
1992-04-30,15.03
1992-05-01,14.81
1992-05-04,15.13
1992-05-05,15.13
1992-05-06,15.44
1992-05-07,15.19
1992-05-08,15.5
1992-05-11,15.56
1992-05-12,15.56
1992-05-13,15.69
1992-05-14,15.34
1992-05-15,15.16
1992-05-18,15.09
1992-05-19,14.84
1992-05-20,15.0
1992-05-21,14.78
1992-05-22,14.88
1992-05-26,14.81
1992-05-27,15.06
1992-05-28,14.88
1992-05-29,14.94
1992-06-01,14.38
1992-06-02,14.12
1992-06-03,13.53
1992-06-04,13.62
1992-06-05,13.72
1992-06-08,13.56
1992-06-09,13.5
1992-06-10,13.44
1992-06-11,13.47
1992-06-12,13.66
1992-06-15,13.16
1992-06-16,12.31
1992-06-17,11.87
1992-06-18,11.31
1992-06-19,11.19
1992-06-22,11.06
1992-06-23,11.31
1992-06-24,11.5
1992-06-25,11.41
1992-06-26,11.31
1992-06-29,11.69
1992-06-30,12.0
1992-07-01,12.25
1992-07-02,11.56
1992-07-06,11.56
1992-07-07,11.06
1992-07-08,11.44
1992-07-09,11.47
1992-07-10,11.44
1992-07-13,11.75
1992-07-14,11.87
1992-07-15,12.0
1992-07-16,12.19
1992-07-17,11.25
1992-07-20,11.19
1992-07-21,11.44
1992-07-22,11.06
1992-07-23,11.19
1992-07-24,11.47
1992-07-27,11.31
1992-07-28,11.63
1992-07-29,11.81
1992-07-30,11.81
1992-07-31,11.69
1992-08-03,11.44
1992-08-04,11.38
1992-08-05,11.19
1992-08-06,11.0
1992-08-07,10.84
1992-08-10,11.03
1992-08-11,10.88
1992-08-12,11.03
1992-08-13,11.19
1992-08-14,11.19
1992-08-17,11.19
1992-08-18,11.19
1992-08-19,11.12
1992-08-20,11.19
1992-08-21,11.16
1992-08-24,10.81
1992-08-25,11.09
1992-08-26,11.06
1992-08-27,11.12
1992-08-28,11.25
1992-08-31,11.5
1992-09-01,11.63
1992-09-02,12.13
1992-09-03,11.94
1992-09-04,11.81
1992-09-08,11.94
1992-09-09,12.25
1992-09-10,12.31
1992-09-11,11.91
1992-09-14,12.37
1992-09-15,12.06
1992-09-16,11.75
1992-09-17,11.5
1992-09-18,11.63
1992-09-21,11.63
1992-09-22,11.44
1992-09-23,11.87
1992-09-24,11.56
1992-09-25,11.38
1992-09-28,11.19
1992-09-29,11.22
1992-09-30,11.28
1992-10-01,11.06
1992-10-02,10.94
1992-10-05,10.88
1992-10-06,11.19
1992-10-07,10.94
1992-10-08,10.88
1992-10-09,10.84
1992-10-12,11.0
1992-10-13,11.34
1992-10-14,11.5
1992-10-15,11.38
1992-10-16,12.25
1992-10-19,12.25
1992-10-20,12.28
1992-10-21,12.13
1992-10-22,12.19
1992-10-23,12.19
1992-10-26,12.87
1992-10-27,12.87
1992-10-28,13.06
1992-10-29,13.31
1992-10-30,13.12
1992-11-02,13.06
1992-11-03,13.0
1992-11-04,13.12
1992-11-05,13.75
1992-11-06,13.94
1992-11-09,13.81
1992-11-10,14.06
1992-11-11,14.19
1992-11-12,14.22
1992-11-13,14.06
1992-11-16,14.34
1992-11-17,13.81
1992-11-18,14.44
1992-11-19,14.56
1992-11-20,14.38
1992-11-23,14.19
1992-11-24,14.38
1992-11-25,14.12
1992-11-27,14.12
1992-11-30,14.38
1992-12-01,14.56
1992-12-02,14.31
1992-12-03,14.38
1992-12-04,14.22
1992-12-07,14.44
1992-12-08,14.53
1992-12-09,14.41
1992-12-10,14.31
1992-12-11,14.38
1992-12-14,14.31
1992-12-15,14.09
1992-12-16,13.75
1992-12-17,14.22
1992-12-18,14.56
1992-12-21,14.91
1992-12-22,15.16
1992-12-23,14.94
1992-12-24,14.75
1992-12-28,14.88
1992-12-29,14.91
1992-12-30,14.69
1992-12-31,14.94
1993-01-04,14.56
1993-01-05,14.81
1993-01-06,15.44
1993-01-07,15.25
1993-01-08,15.56
1993-01-11,16.03
1993-01-12,15.37
1993-01-13,15.87
1993-01-14,16.25
1993-01-15,15.06
1993-01-18,14.88
1993-01-19,14.94
1993-01-20,15.0
1993-01-21,15.0
1993-01-22,14.88
1993-01-25,15.0
1993-01-26,15.19
1993-01-27,15.06
1993-01-28,14.97
1993-01-29,14.88
1993-02-01,15.31
1993-02-02,15.06
1993-02-03,15.0
1993-02-04,14.88
1993-02-05,14.31
1993-02-08,14.12
1993-02-09,14.22
1993-02-10,13.94
1993-02-11,13.78
1993-02-12,13.47
1993-02-16,13.25
1993-02-17,13.47
1993-02-18,13.75
1993-02-19,13.75
1993-02-22,13.78
1993-02-23,13.56
1993-02-24,13.41
1993-02-25,13.69
1993-02-26,13.25
1993-03-01,13.31
1993-03-02,13.56
1993-03-03,13.66
1993-03-04,13.75
1993-03-05,13.75
1993-03-08,14.12
1993-03-09,14.19
1993-03-10,14.19
1993-03-11,14.22
1993-03-12,14.06
1993-03-15,14.25
1993-03-16,14.12
1993-03-17,13.78
1993-03-18,13.62
1993-03-19,13.44
1993-03-22,13.31
1993-03-23,13.19
1993-03-24,13.44
1993-03-25,13.69
1993-03-26,13.31
1993-03-29,12.75
1993-03-30,13.06
1993-03-31,12.87
1993-04-01,12.94
1993-04-02,12.53
1993-04-05,12.5
1993-04-06,12.19
1993-04-07,12.63
1993-04-08,12.44
1993-04-12,12.5
1993-04-13,12.13
1993-04-14,12.19
1993-04-15,11.81
1993-04-16,12.03
1993-04-19,12.13
1993-04-20,12.5
1993-04-21,12.41
1993-04-22,12.5
1993-04-23,12.31
1993-04-26,12.25
1993-04-27,12.56
1993-04-28,12.84
1993-04-29,12.69
1993-04-30,12.81
1993-05-03,12.97
1993-05-04,13.34
1993-05-05,13.62
1993-05-06,13.44
1993-05-07,13.69
1993-05-10,13.75
1993-05-11,13.62
1993-05-12,13.31
1993-05-13,13.88
1993-05-14,13.88
1993-05-17,13.94
1993-05-18,13.88
1993-05-19,14.31
1993-05-20,14.69
1993-05-21,14.38
1993-05-24,14.41
1993-05-25,14.09
1993-05-26,14.44
1993-05-27,14.38
1993-05-28,14.16
1993-06-01,14.25
1993-06-02,14.25
1993-06-03,14.09
1993-06-04,13.72
1993-06-07,12.69
1993-06-08,12.37
1993-06-09,11.06
1993-06-10,11.12
1993-06-11,10.94
1993-06-14,11.16
1993-06-15,10.5
1993-06-16,10.56
1993-06-17,10.31
1993-06-18,10.25
1993-06-21,9.91
1993-06-22,10.34
1993-06-23,10.12
1993-06-24,10.44
1993-06-25,10.0
1993-06-28,10.03
1993-06-29,9.75
1993-06-30,9.88
1993-07-01,9.5
1993-07-02,9.62
1993-07-06,9.44
1993-07-07,9.13
1993-07-08,9.13
1993-07-09,9.19
1993-07-12,9.5
1993-07-13,9.31
1993-07-14,9.31
1993-07-15,8.94
1993-07-16,6.88
1993-07-19,6.41
1993-07-20,6.72
1993-07-21,6.56
1993-07-22,6.62
1993-07-23,6.56
1993-07-26,6.72
1993-07-27,6.62
1993-07-28,6.72
1993-07-29,6.81
1993-07-30,6.94
1993-08-02,7.12
1993-08-03,7.25
1993-08-04,7.56
1993-08-05,7.38
1993-08-06,7.31
1993-08-09,7.44
1993-08-10,7.12
1993-08-11,6.88
1993-08-12,6.62
1993-08-13,6.84
1993-08-16,6.88
1993-08-17,7.09
1993-08-18,7.12
1993-08-19,6.88
1993-08-20,7.0
1993-08-23,7.09
1993-08-24,7.0
1993-08-25,6.81
1993-08-26,6.72
1993-08-27,6.62
1993-08-30,6.5
1993-08-31,6.62
1993-09-01,6.53
1993-09-02,6.44
1993-09-03,6.44
1993-09-07,6.56
1993-09-08,6.69
1993-09-09,6.5
1993-09-10,6.56
1993-09-13,6.31
1993-09-14,6.06
1993-09-15,6.12
1993-09-16,6.19
1993-09-17,6.31
1993-09-20,6.22
1993-09-21,6.12
1993-09-22,6.38
1993-09-23,6.19
1993-09-24,6.25
1993-09-27,6.19
1993-09-28,6.19
1993-09-29,5.97
1993-09-30,5.84
1993-10-01,5.69
1993-10-04,5.69
1993-10-05,5.87
1993-10-06,5.91
1993-10-07,5.75
1993-10-08,5.66
1993-10-11,5.94
1993-10-12,6.0
1993-10-13,6.0
1993-10-14,5.94
1993-10-15,7.06
1993-10-18,7.09
1993-10-19,6.94
1993-10-20,6.94
1993-10-21,7.56
1993-10-22,7.56
1993-10-25,7.5
1993-10-26,7.44
1993-10-27,7.94
1993-10-28,7.75
1993-10-29,7.69
1993-11-01,7.88
1993-11-02,8.19
1993-11-03,7.91
1993-11-04,8.06
1993-11-05,7.97
1993-11-08,7.69
1993-11-09,7.53
1993-11-10,7.69
1993-11-11,7.84
1993-11-12,7.94
1993-11-15,8.0
1993-11-16,8.5
1993-11-17,8.37
1993-11-18,8.37
1993-11-19,8.25
1993-11-22,8.13
1993-11-23,8.25
1993-11-24,8.25
1993-11-26,8.16
1993-11-29,7.94
1993-11-30,7.88
1993-12-01,7.88
1993-12-02,7.94
1993-12-03,7.88
1993-12-06,8.06
1993-12-07,8.06
1993-12-08,7.97
1993-12-09,7.5
1993-12-10,7.06
1993-12-13,7.38
1993-12-14,7.28
1993-12-15,7.44
1993-12-16,7.34
1993-12-17,7.38
1993-12-20,7.12
1993-12-21,6.88
1993-12-22,7.0
1993-12-23,6.81
1993-12-27,7.12
1993-12-28,7.28
1993-12-29,7.12
1993-12-30,7.44
1993-12-31,7.31
1994-01-03,7.47
1994-01-04,7.88
1994-01-05,8.44
1994-01-06,8.19
1994-01-07,8.28
1994-01-10,8.41
1994-01-11,7.97
1994-01-12,7.62
1994-01-13,7.66
1994-01-14,7.75
1994-01-17,7.59
1994-01-18,7.34
1994-01-19,7.31
1994-01-20,7.47
1994-01-21,8.34
1994-01-24,8.75
1994-01-25,8.47
1994-01-26,8.37
1994-01-27,8.53
1994-01-28,8.5
1994-01-31,8.19
1994-02-01,8.31
1994-02-02,8.25
1994-02-03,8.37
1994-02-04,8.37
1994-02-07,9.13
1994-02-08,8.94
1994-02-09,9.06
1994-02-10,9.13
1994-02-11,9.25
1994-02-14,9.25
1994-02-15,9.28
1994-02-16,9.19
1994-02-17,9.25
1994-02-18,9.06
1994-02-22,9.31
1994-02-23,9.31
1994-02-24,9.16
1994-02-25,9.0
1994-02-28,9.13
1994-03-01,9.06
1994-03-02,8.91
1994-03-03,8.94
1994-03-04,9.19
1994-03-07,9.47
1994-03-08,9.25
1994-03-09,9.37
1994-03-10,9.31
1994-03-11,9.31
1994-03-14,9.53
1994-03-15,9.41
1994-03-16,9.19
1994-03-17,9.13
1994-03-18,9.09
1994-03-21,8.87
1994-03-22,8.75
1994-03-23,8.78
1994-03-24,8.66
1994-03-25,8.19
1994-03-28,8.31
1994-03-29,8.19
1994-03-30,8.13
1994-03-31,8.31
1994-04-04,8.31
1994-04-05,8.37
1994-04-06,8.37
1994-04-07,8.34
1994-04-08,8.37
1994-04-11,8.37
1994-04-12,8.0
1994-04-13,7.94
1994-04-14,7.88
1994-04-15,7.56
1994-04-18,7.41
1994-04-19,7.25
1994-04-20,7.06
1994-04-21,7.41
1994-04-22,7.44
1994-04-25,7.75
1994-04-26,7.81
1994-04-28,7.56
1994-04-29,7.5
1994-05-02,7.75
1994-05-03,7.56
1994-05-04,8.25
1994-05-05,8.22
1994-05-06,8.08
1994-05-09,7.81
1994-05-10,7.75
1994-05-11,7.56
1994-05-12,7.42
1994-05-13,7.5
1994-05-16,7.38
1994-05-17,7.34
1994-05-18,7.66
1994-05-19,8.03
1994-05-20,7.77
1994-05-23,7.62
1994-05-24,7.69
1994-05-25,7.81
1994-05-26,7.62
1994-05-27,7.48
1994-05-31,7.31
1994-06-01,7.06
1994-06-02,6.84
1994-06-03,6.91
1994-06-06,6.84
1994-06-07,6.88
1994-06-08,6.53
1994-06-09,6.75
1994-06-10,6.62
1994-06-13,6.75
1994-06-14,6.77
1994-06-15,6.95
1994-06-16,6.59
1994-06-17,6.62
1994-06-20,6.78
1994-06-21,6.5
1994-06-22,6.56
1994-06-23,6.28
1994-06-24,6.4
1994-06-27,6.56
1994-06-28,6.69
1994-06-29,6.53
1994-06-30,6.62
1994-07-01,6.44
1994-07-05,6.62
1994-07-06,6.53
1994-07-07,6.7
1994-07-08,6.77
1994-07-11,6.75
1994-07-12,7.09
1994-07-13,7.42
1994-07-14,7.16
1994-07-15,7.06
1994-07-18,7.09
1994-07-19,6.92
1994-07-20,6.66
1994-07-21,7.0
1994-07-22,7.75
1994-07-25,7.92
1994-07-26,7.84
1994-07-27,7.77
1994-07-28,7.97
1994-07-29,8.42
1994-08-01,8.34
1994-08-02,8.14
1994-08-03,8.28
1994-08-04,8.31
1994-08-05,8.31
1994-08-08,8.44
1994-08-09,8.41
1994-08-10,8.66
1994-08-11,8.58
1994-08-12,8.69
1994-08-15,8.66
1994-08-16,8.69
1994-08-17,8.75
1994-08-18,8.66
1994-08-19,8.72
1994-08-22,8.72
1994-08-23,8.75
1994-08-24,8.72
1994-08-25,8.77
1994-08-26,8.94
1994-08-29,8.84
1994-08-30,9.06
1994-08-31,9.05
1994-09-01,8.75
1994-09-02,8.84
1994-09-06,8.89
1994-09-07,9.03
1994-09-08,9.03
1994-09-09,8.94
1994-09-12,8.94
1994-09-13,8.95
1994-09-14,8.78
1994-09-15,9.0
1994-09-16,9.09
1994-09-19,8.87
1994-09-20,8.64
1994-09-21,8.53
1994-09-22,8.47
1994-09-23,8.48
1994-09-26,8.48
1994-09-27,8.47
1994-09-28,8.47
1994-09-29,8.53
1994-09-30,8.42
1994-10-03,8.28
1994-10-04,8.44
1994-10-05,9.47
1994-10-06,9.06
1994-10-07,9.25
1994-10-10,9.72
1994-10-11,9.91
1994-10-12,10.53
1994-10-13,10.28
1994-10-14,10.28
1994-10-17,9.94
1994-10-18,10.31
1994-10-19,10.31
1994-10-20,10.25
1994-10-21,10.66
1994-10-24,10.56
1994-10-25,10.66
1994-10-26,10.81
1994-10-27,10.69
1994-10-28,10.53
1994-10-31,10.8
1994-11-01,10.78
1994-11-02,10.34
1994-11-03,10.38
1994-11-04,10.09
1994-11-07,10.19
1994-11-08,10.56
1994-11-09,10.41
1994-11-10,10.33
1994-11-11,10.28
1994-11-14,10.62
1994-11-15,10.34
1994-11-16,10.23
1994-11-17,10.0
1994-11-18,10.0
1994-11-21,9.53
1994-11-22,9.34
1994-11-23,9.22
1994-11-25,9.44
1994-11-28,9.45
1994-11-29,9.56
1994-11-30,9.31
1994-12-01,9.05
1994-12-02,9.14
1994-12-05,9.3
1994-12-06,9.39
1994-12-07,9.16
1994-12-08,8.97
1994-12-09,9.06
1994-12-12,9.13
1994-12-13,9.09
1994-12-14,9.47
1994-12-15,9.28
1994-12-16,9.31
1994-12-19,9.78
1994-12-20,9.62
1994-12-21,9.59
1994-12-22,9.66
1994-12-23,9.72
1994-12-27,9.78
1994-12-28,9.78
1994-12-29,9.88
1994-12-30,9.75
1995-01-03,9.59
1995-01-04,9.84
1995-01-05,9.72
1995-01-06,10.5
1995-01-09,10.3
1995-01-10,10.92
1995-01-11,11.69
1995-01-12,11.34
1995-01-13,11.22
1995-01-16,11.12
1995-01-17,11.25
1995-01-18,11.41
1995-01-19,11.47
1995-01-20,10.66
1995-01-23,10.56
1995-01-24,10.41
1995-01-25,10.25
1995-01-26,9.88
1995-01-27,9.97
1995-01-30,10.03
1995-01-31,10.09
1995-02-01,10.03
1995-02-02,10.41
1995-02-03,10.12
1995-02-06,10.12
1995-02-07,10.2
1995-02-08,10.58
1995-02-09,10.91
1995-02-10,10.94
1995-02-13,10.94
1995-02-14,10.73
1995-02-15,10.64
1995-02-16,10.8
1995-02-17,10.62
1995-02-21,10.25
1995-02-22,10.2
1995-02-23,10.05
1995-02-24,9.75
1995-02-27,9.56
1995-02-28,9.88
1995-03-01,10.0
1995-03-02,10.0
1995-03-03,10.06
1995-03-06,9.94
1995-03-07,9.58
1995-03-08,9.89
1995-03-09,9.94
1995-03-10,9.88
1995-03-13,9.53
1995-03-14,8.75
1995-03-15,8.75
1995-03-16,8.81
1995-03-17,8.78
1995-03-20,8.81
1995-03-21,9.06
1995-03-22,9.52
1995-03-23,9.28
1995-03-24,9.44
1995-03-27,9.3
1995-03-28,8.59
1995-03-29,8.59
1995-03-30,8.84
1995-03-31,8.81
1995-04-03,8.87
1995-04-04,8.47
1995-04-05,8.69
1995-04-06,9.19
1995-04-07,9.19
1995-04-10,9.16
1995-04-11,9.44
1995-04-12,9.75
1995-04-13,9.56
1995-04-17,9.59
1995-04-18,9.37
1995-04-19,9.09
1995-04-20,9.41
1995-04-21,9.78
1995-04-24,9.75
1995-04-25,9.44
1995-04-26,9.56
1995-04-27,9.47
1995-04-28,9.56
1995-05-01,9.56
1995-05-02,9.53
1995-05-03,9.53
1995-05-04,9.62
1995-05-05,9.72
1995-05-08,10.12
1995-05-09,10.31
1995-05-10,10.36
1995-05-11,10.25
1995-05-12,10.91
1995-05-15,10.91
1995-05-16,10.94
1995-05-17,11.0
1995-05-18,10.84
1995-05-19,10.69
1995-05-22,11.03
1995-05-23,10.97
1995-05-24,10.88
1995-05-25,10.84
1995-05-26,10.67
1995-05-30,10.5
1995-05-31,10.39
1995-06-01,10.55
1995-06-02,10.53
1995-06-05,10.88
1995-06-06,11.0
1995-06-07,10.78
1995-06-08,10.73
1995-06-09,10.88
1995-06-12,11.04
1995-06-13,11.0
1995-06-14,10.91
1995-06-15,10.91
1995-06-16,10.97
1995-06-19,11.09
1995-06-20,11.84
1995-06-21,12.34
1995-06-22,12.28
1995-06-23,12.19
1995-06-26,12.03
1995-06-27,11.59
1995-06-28,11.66
1995-06-29,11.81
1995-06-30,11.61
1995-07-03,11.73
1995-07-05,11.63
1995-07-06,11.75
1995-07-07,12.16
1995-07-10,12.16
1995-07-11,11.78
1995-07-12,11.75
1995-07-13,11.91
1995-07-14,12.19
1995-07-17,12.25
1995-07-18,12.03
1995-07-19,11.38
1995-07-20,11.77
1995-07-21,10.94
1995-07-24,11.34
1995-07-25,11.44
1995-07-26,11.34
1995-07-27,11.7
1995-07-28,11.38
1995-07-31,11.25
1995-08-01,10.88
1995-08-02,11.09
1995-08-03,11.25
1995-08-04,11.06
1995-08-07,10.84
1995-08-08,10.62
1995-08-09,10.78
1995-08-10,10.69
1995-08-11,10.77
1995-08-14,10.84
1995-08-15,11.02
1995-08-16,11.12
1995-08-17,11.16
1995-08-18,11.22
1995-08-21,11.03
1995-08-22,11.19
1995-08-23,11.38
1995-08-24,11.44
1995-08-25,11.19
1995-08-28,10.75
1995-08-29,10.78
1995-08-30,10.84
1995-08-31,10.75
1995-09-01,10.73
1995-09-05,10.88
1995-09-06,10.94
1995-09-07,11.19
1995-09-08,11.19
1995-09-11,11.06
1995-09-12,10.73
1995-09-13,10.59
1995-09-14,10.0
1995-09-15,8.97
1995-09-18,9.17
1995-09-19,9.19
1995-09-20,9.16
1995-09-21,9.25
1995-09-22,9.27
1995-09-25,9.38
1995-09-26,9.34
1995-09-27,9.06
1995-09-28,9.44
1995-09-29,9.31
1995-10-02,9.41
1995-10-03,9.41
1995-10-04,9.09
1995-10-05,9.13
1995-10-06,8.92
1995-10-09,8.7
1995-10-10,8.67
1995-10-11,8.72
1995-10-12,8.83
1995-10-13,9.0
1995-10-16,9.03
1995-10-17,9.16
1995-10-18,9.34
1995-10-19,8.69
1995-10-20,8.78
1995-10-23,8.78
1995-10-24,8.78
1995-10-25,8.69
1995-10-26,8.72
1995-10-27,8.69
1995-10-30,8.81
1995-10-31,9.08
1995-11-01,9.16
1995-11-02,9.16
1995-11-03,9.13
1995-11-06,9.53
1995-11-07,9.91
1995-11-08,9.72
1995-11-09,9.84
1995-11-10,9.94
1995-11-13,10.22
1995-11-14,10.38
1995-11-15,10.25
1995-11-16,9.98
1995-11-17,10.03
1995-11-20,9.66
1995-11-21,9.66
1995-11-22,9.66
1995-11-24,10.05
1995-11-27,9.84
1995-11-28,10.0
1995-11-29,9.81
1995-11-30,9.53
1995-12-01,9.41
1995-12-04,9.88
1995-12-05,9.88
1995-12-06,9.69
1995-12-07,9.64
1995-12-08,9.84
1995-12-11,9.66
1995-12-12,9.5
1995-12-13,9.59
1995-12-14,9.56
1995-12-15,8.81
1995-12-18,8.06
1995-12-19,8.19
1995-12-20,8.16
1995-12-21,8.13
1995-12-22,8.06
1995-12-26,8.02
1995-12-27,8.09
1995-12-28,8.0
1995-12-29,7.97
1996-01-02,8.03
1996-01-03,8.03
1996-01-04,7.89
1996-01-05,8.56
1996-01-08,8.66
1996-01-09,8.19
1996-01-10,8.56
1996-01-11,8.75
1996-01-12,8.47
1996-01-15,8.53
1996-01-16,8.64
1996-01-17,8.5
1996-01-18,7.98
1996-01-19,7.47
1996-01-22,7.62
1996-01-23,7.91
1996-01-24,8.06
1996-01-25,7.56
1996-01-26,7.66
1996-01-29,7.28
1996-01-30,6.83
1996-01-31,6.91
1996-02-01,7.09
1996-02-02,7.31
1996-02-05,7.31
1996-02-06,7.41
1996-02-07,7.06
1996-02-08,6.97
1996-02-09,6.94
1996-02-12,7.09
1996-02-13,7.03
1996-02-14,6.91
1996-02-15,7.0
1996-02-16,6.88
1996-02-20,7.25
1996-02-21,7.41
1996-02-22,7.47
1996-02-23,7.47
1996-02-26,7.38
1996-02-27,7.16
1996-02-28,6.94
1996-02-29,6.88
1996-03-01,6.72
1996-03-04,6.56
1996-03-05,6.66
1996-03-06,6.55
1996-03-07,6.45
1996-03-08,6.5
1996-03-11,6.47
1996-03-12,6.45
1996-03-13,6.44
1996-03-14,6.41
1996-03-15,6.47
1996-03-18,6.53
1996-03-19,6.44
1996-03-20,6.31
1996-03-21,6.28
1996-03-22,6.34
1996-03-25,6.0
1996-03-26,5.97
1996-03-27,6.31
1996-03-28,6.05
1996-03-29,6.14
1996-04-01,6.38
1996-04-02,6.25
1996-04-03,6.14
1996-04-04,6.03
1996-04-08,6.09
1996-04-09,6.5
1996-04-10,6.5
1996-04-11,6.44
1996-04-12,6.38
1996-04-15,6.44
1996-04-16,6.47
1996-04-17,6.31
1996-04-18,6.19
1996-04-19,6.27
1996-04-22,6.28
1996-04-23,6.19
1996-04-24,6.06
1996-04-25,6.22
1996-04-26,6.19
1996-04-29,6.19
1996-04-30,6.09
1996-05-01,6.09
1996-05-02,5.94
1996-05-03,5.97
1996-05-06,6.41
1996-05-07,6.72
1996-05-08,6.69
1996-05-09,6.53
1996-05-10,6.81
1996-05-13,6.77
1996-05-14,6.88
1996-05-15,7.12
1996-05-16,7.09
1996-05-17,6.91
1996-05-20,6.98
1996-05-21,6.78
1996-05-22,6.52
1996-05-23,6.56
1996-05-24,6.69
1996-05-28,6.59
1996-05-29,6.22
1996-05-30,6.38
1996-05-31,6.53
1996-06-03,6.19
1996-06-04,6.05
1996-06-05,6.28
1996-06-06,6.06
1996-06-07,6.09
1996-06-10,6.03
1996-06-11,6.0
1996-06-12,6.06
1996-06-13,6.16
1996-06-14,5.98
1996-06-17,5.91
1996-06-18,5.69
1996-06-19,5.78
1996-06-20,5.69
1996-06-21,5.66
1996-06-24,5.56
1996-06-25,5.16
1996-06-26,4.97
1996-06-27,5.16
1996-06-28,5.25
1996-07-01,5.37
1996-07-02,5.25
1996-07-03,4.84
1996-07-05,4.87
1996-07-08,4.78
1996-07-09,4.75
1996-07-10,4.69
1996-07-11,4.47
1996-07-12,4.52
1996-07-15,4.3
1996-07-16,4.22
1996-07-17,4.22
1996-07-18,5.22
1996-07-19,5.19
1996-07-22,5.06
1996-07-23,5.13
1996-07-24,5.2
1996-07-25,5.25
1996-07-26,5.5
1996-07-29,5.56
1996-07-30,5.34
1996-07-31,5.5
1996-08-01,5.31
1996-08-02,5.41
1996-08-05,5.25
1996-08-06,5.37
1996-08-07,5.59
1996-08-08,5.53
1996-08-09,5.78
1996-08-12,5.75
1996-08-13,5.63
1996-08-14,5.69
1996-08-15,5.56
1996-08-16,5.63
1996-08-19,5.91
1996-08-20,5.87
1996-08-21,5.75
1996-08-22,5.81
1996-08-23,5.97
1996-08-26,6.03
1996-08-27,6.21
1996-08-28,6.22
1996-08-29,6.12
1996-08-30,6.06
1996-09-03,6.03
1996-09-04,6.03
1996-09-05,5.72
1996-09-06,5.75
1996-09-09,5.5
1996-09-10,5.37
1996-09-11,5.28
1996-09-12,5.09
1996-09-13,5.25
1996-09-16,5.59
1996-09-17,5.75
1996-09-18,5.87
1996-09-19,5.84
1996-09-20,5.72
1996-09-23,5.59
1996-09-24,5.63
1996-09-25,5.59
1996-09-26,5.59
1996-09-27,5.58
1996-09-30,5.55
1996-10-01,6.16
1996-10-02,5.91
1996-10-03,5.59
1996-10-04,5.7
1996-10-07,5.78
1996-10-08,5.81
1996-10-09,5.75
1996-10-10,6.05
1996-10-11,6.06
1996-10-14,6.31
1996-10-15,6.31
1996-10-16,6.44
1996-10-17,6.59
1996-10-18,6.64
1996-10-21,6.41
1996-10-22,6.22
1996-10-23,6.19
1996-10-24,6.19
1996-10-25,6.12
1996-10-28,6.12
1996-10-29,5.81
1996-10-30,5.72
1996-10-31,5.75
1996-11-01,6.06
1996-11-04,6.09
1996-11-05,6.38
1996-11-06,6.38
1996-11-07,6.47
1996-11-08,6.56
1996-11-11,6.5
1996-11-12,6.31
1996-11-13,6.39
1996-11-14,6.41
1996-11-15,6.25
1996-11-18,6.19
1996-11-19,6.22
1996-11-20,6.25
1996-11-21,6.12
1996-11-22,6.31
1996-11-25,6.25
1996-11-26,6.06
1996-11-27,6.12
1996-11-29,6.03
1996-12-02,6.28
1996-12-03,6.28
1996-12-04,6.25
1996-12-05,6.25
1996-12-06,6.28
1996-12-09,6.25
1996-12-10,6.12
1996-12-11,6.0
1996-12-12,5.97
1996-12-13,5.81
1996-12-16,5.66
1996-12-17,5.63
1996-12-18,5.78
1996-12-19,5.56
1996-12-20,5.87
1996-12-23,5.81
1996-12-24,5.78
1996-12-26,5.75
1996-12-27,5.78
1996-12-30,5.44
1996-12-31,5.22
1997-01-02,5.25
1997-01-03,5.44
1997-01-06,4.47
1997-01-07,4.38
1997-01-08,4.41
1997-01-09,4.44
1997-01-10,4.56
1997-01-13,4.53
1997-01-14,4.47
1997-01-15,4.31
1997-01-16,4.19
1997-01-17,4.19
1997-01-20,4.23
1997-01-21,4.31
1997-01-22,4.3
1997-01-23,4.31
1997-01-24,4.22
1997-01-27,4.16
1997-01-28,4.16
1997-01-29,4.16
1997-01-30,4.19
1997-01-31,4.16
1997-02-03,4.08
1997-02-04,3.84
1997-02-05,3.81
1997-02-06,4.0
1997-02-07,3.95
1997-02-10,3.91
1997-02-11,3.92
1997-02-12,3.94
1997-02-13,4.03
1997-02-14,4.08
1997-02-18,4.47
1997-02-19,4.41
1997-02-20,4.25
1997-02-21,4.09
1997-02-24,4.16
1997-02-25,4.22
1997-02-26,4.28
1997-02-27,4.25
1997-02-28,4.06
1997-03-03,4.03
1997-03-04,4.12
1997-03-05,4.25
1997-03-06,4.16
1997-03-07,4.12
1997-03-10,4.16
1997-03-11,4.09
1997-03-12,4.06
1997-03-13,4.09
1997-03-14,4.14
1997-03-17,4.12
1997-03-18,4.06
1997-03-19,4.03
1997-03-20,4.31
1997-03-21,4.16
1997-03-24,4.12
1997-03-25,4.12
1997-03-26,4.19
1997-03-27,4.66
1997-03-31,4.56
1997-04-01,4.38
1997-04-02,4.5
1997-04-03,4.72
1997-04-04,4.81
1997-04-07,4.87
1997-04-08,4.78
1997-04-09,4.75
1997-04-10,4.72
1997-04-11,4.56
1997-04-14,4.69
1997-04-15,4.61
1997-04-16,4.64
1997-04-17,4.75
1997-04-18,4.59
1997-04-21,4.5
1997-04-22,4.63
1997-04-23,4.53
1997-04-24,4.47
1997-04-25,4.38
1997-04-28,4.41
1997-04-29,4.42
1997-04-30,4.25
1997-05-01,4.25
1997-05-02,4.25
1997-05-05,4.25
1997-05-06,4.22
1997-05-07,4.12
1997-05-08,4.25
1997-05-09,4.27
1997-05-12,4.39
1997-05-13,4.39
1997-05-14,4.42
1997-05-15,4.44
1997-05-16,4.31
1997-05-19,4.25
1997-05-20,4.31
1997-05-21,4.22
1997-05-22,4.16
1997-05-23,4.22
1997-05-27,4.31
1997-05-28,4.25
1997-05-29,4.16
1997-05-30,4.16
1997-06-02,4.23
1997-06-03,4.17
1997-06-04,4.16
1997-06-05,4.17
1997-06-06,4.19
1997-06-09,4.16
1997-06-10,4.06
1997-06-11,4.08
1997-06-12,4.02
1997-06-13,3.95
1997-06-16,3.88
1997-06-17,4.09
1997-06-18,3.98
1997-06-19,3.94
1997-06-20,3.89
1997-06-23,3.84
1997-06-24,3.83
1997-06-25,3.78
1997-06-26,3.67
1997-06-27,3.67
1997-06-30,3.56
1997-07-01,3.3
1997-07-02,3.27
1997-07-03,3.42
1997-07-07,3.45
1997-07-08,3.44
1997-07-09,3.42
1997-07-10,3.31
1997-07-11,3.8
1997-07-14,3.91
1997-07-15,3.98
1997-07-16,4.11
1997-07-17,4.38
1997-07-18,4.34
1997-07-21,4.04
1997-07-22,4.14
1997-07-23,4.03
1997-07-24,3.95
1997-07-25,4.06
1997-07-28,4.11
1997-07-29,4.12
1997-07-30,4.34
1997-07-31,4.38
1997-08-01,4.8
1997-08-04,4.94
1997-08-05,4.94
1997-08-06,6.58
1997-08-07,7.3
1997-08-08,6.7
1997-08-11,6.14
1997-08-12,5.52
1997-08-13,5.91
1997-08-14,5.75
1997-08-15,5.81
1997-08-18,5.91
1997-08-19,6.11
1997-08-20,6.16
1997-08-21,6.0
1997-08-22,5.91
1997-08-25,5.77
1997-08-26,5.56
1997-08-27,5.67
1997-08-28,5.5
1997-08-29,5.44
1997-09-02,5.59
1997-09-03,5.63
1997-09-04,5.63
1997-09-05,5.55
1997-09-08,5.37
1997-09-09,5.45
1997-09-10,5.73
1997-09-11,5.59
1997-09-12,5.52
1997-09-15,5.37
1997-09-16,5.48
1997-09-17,5.45
1997-09-18,5.58
1997-09-19,5.48
1997-09-22,5.7
1997-09-23,5.44
1997-09-24,5.37
1997-09-25,5.28
1997-09-26,5.33
1997-09-29,5.52
1997-09-30,5.42
1997-10-01,5.38
1997-10-02,5.48
1997-10-03,5.53
1997-10-06,5.48
1997-10-07,5.45
1997-10-08,5.37
1997-10-09,5.44
1997-10-10,5.67
1997-10-13,5.67
1997-10-14,5.67
1997-10-15,5.95
1997-10-16,5.37
1997-10-17,5.03
1997-10-20,4.67
1997-10-21,4.77
1997-10-22,4.64
1997-10-23,4.44
1997-10-24,4.14
1997-10-27,4.19
1997-10-28,4.53
1997-10-29,4.38
1997-10-30,4.12
1997-10-31,4.26
1997-11-03,4.34
1997-11-04,4.48
1997-11-05,4.59
1997-11-06,4.75
1997-11-07,4.94
1997-11-10,4.67
1997-11-11,4.59
1997-11-12,4.41
1997-11-13,4.5
1997-11-14,4.61
1997-11-17,4.63
1997-11-18,4.52
1997-11-19,4.56
1997-11-20,4.63
1997-11-21,4.55
1997-11-24,4.41
1997-11-25,4.34
1997-11-26,4.38
1997-11-28,4.44
1997-12-01,4.44
1997-12-02,3.97
1997-12-03,3.94
1997-12-04,3.91
1997-12-05,3.95
1997-12-08,3.89
1997-12-09,3.81
1997-12-10,3.69
1997-12-11,3.64
1997-12-12,3.53
1997-12-15,3.48
1997-12-16,3.58
1997-12-17,3.48
1997-12-18,3.45
1997-12-19,3.42
1997-12-22,3.33
1997-12-23,3.23
1997-12-24,3.28
1997-12-26,3.33
1997-12-29,3.28
1997-12-30,3.3
1997-12-31,3.28
1998-01-02,4.06
1998-01-05,3.97
1998-01-06,4.73
1998-01-07,4.38
1998-01-08,4.55
1998-01-09,4.55
1998-01-12,4.56
1998-01-13,4.87
1998-01-14,4.94
1998-01-15,4.8
1998-01-16,4.7
1998-01-20,4.77
1998-01-21,4.73
1998-01-22,4.81
1998-01-23,4.87
1998-01-26,4.86
1998-01-27,4.78
1998-01-28,4.8
1998-01-29,4.63
1998-01-30,4.58
1998-02-02,4.42
1998-02-03,4.58
1998-02-04,4.56
1998-02-05,4.58
1998-02-06,4.63
1998-02-09,4.8
1998-02-10,4.86
1998-02-11,4.75
1998-02-12,4.84
1998-02-13,4.87
1998-02-17,4.91
1998-02-18,5.14
1998-02-19,5.11
1998-02-20,5.0
1998-02-23,5.31
1998-02-24,5.33
1998-02-25,5.58
1998-02-26,5.87
1998-02-27,5.91
1998-03-02,5.69
1998-03-03,5.78
1998-03-04,6.11
1998-03-05,6.02
1998-03-06,6.11
1998-03-09,5.69
1998-03-10,6.02
1998-03-11,6.53
1998-03-12,6.75
1998-03-13,6.78
1998-03-16,6.67
1998-03-17,6.59
1998-03-18,6.73
1998-03-19,6.69
1998-03-20,6.59
1998-03-23,6.53
1998-03-24,7.0
1998-03-25,6.79
1998-03-26,6.64
1998-03-27,6.73
1998-03-30,6.86
1998-03-31,6.88
1998-04-01,6.88
1998-04-02,6.83
1998-04-03,6.77
1998-04-06,6.56
1998-04-07,6.38
1998-04-08,6.25
1998-04-09,6.41
1998-04-13,6.61
1998-04-14,6.73
1998-04-15,6.86
1998-04-16,7.16
1998-04-17,6.98
1998-04-20,7.25
1998-04-21,7.25
1998-04-22,6.88
1998-04-23,6.92
1998-04-24,6.98
1998-04-27,6.94
1998-04-28,6.73
1998-04-29,6.75
1998-04-30,6.84
1998-05-01,7.0
1998-05-04,7.27
1998-05-05,7.42
1998-05-06,7.58
1998-05-07,7.55
1998-05-08,7.61
1998-05-11,7.73
1998-05-12,7.53
1998-05-13,7.61
1998-05-14,7.52
1998-05-15,7.39
1998-05-18,7.12
1998-05-19,7.34
1998-05-20,7.39
1998-05-21,7.22
1998-05-22,6.97
1998-05-26,6.67
1998-05-27,6.69
1998-05-28,6.86
1998-05-29,6.66
1998-06-01,6.56
1998-06-02,6.72
1998-06-03,6.58
1998-06-04,6.7
1998-06-05,6.72
1998-06-08,6.81
1998-06-09,7.06
1998-06-10,7.02
1998-06-11,6.95
1998-06-12,7.03
1998-06-15,6.88
1998-06-16,7.0
1998-06-17,7.03
1998-06-18,6.83
1998-06-19,6.77
1998-06-22,6.84
1998-06-23,6.95
1998-06-24,7.06
1998-06-25,7.14
1998-06-26,7.05
1998-06-29,7.17
1998-06-30,7.17
1998-07-01,7.48
1998-07-02,7.25
1998-07-06,7.59
1998-07-07,7.62
1998-07-08,8.14
1998-07-09,7.92
1998-07-10,8.02
1998-07-13,8.48
1998-07-14,8.36
1998-07-15,8.61
1998-07-16,9.37
1998-07-17,9.22
1998-07-20,9.06
1998-07-21,8.91
1998-07-22,8.75
1998-07-23,8.73
1998-07-24,8.67
1998-07-27,8.61
1998-07-28,8.41
1998-07-29,8.78
1998-07-30,9.13
1998-07-31,8.66
1998-08-03,8.78
1998-08-04,8.55
1998-08-05,9.0
1998-08-06,9.22
1998-08-07,9.13
1998-08-10,9.48
1998-08-11,9.75
1998-08-12,10.02
1998-08-13,9.86
1998-08-14,10.12
1998-08-17,10.48
1998-08-18,10.64
1998-08-19,10.25
1998-08-20,10.16
1998-08-21,10.75
1998-08-24,10.3
1998-08-25,10.2
1998-08-26,10.09
1998-08-27,9.37
1998-08-28,8.55
1998-08-31,7.8
1998-09-01,8.53
1998-09-02,8.89
1998-09-03,8.66
1998-09-04,8.78
1998-09-08,9.56
1998-09-09,9.34
1998-09-10,9.53
1998-09-11,9.41
1998-09-14,9.3
1998-09-15,9.55
1998-09-16,9.33
1998-09-17,9.0
1998-09-18,9.19
1998-09-21,9.23
1998-09-22,9.25
1998-09-23,9.58
1998-09-24,9.62
1998-09-25,9.69
1998-09-28,9.77
1998-09-29,9.88
1998-09-30,9.53
1998-10-01,8.92
1998-10-02,8.77
1998-10-05,8.05
1998-10-06,8.14
1998-10-07,7.98
1998-10-08,7.7
1998-10-09,8.78
1998-10-12,9.36
1998-10-13,9.69
1998-10-14,9.34
1998-10-15,9.16
1998-10-16,9.17
1998-10-19,9.37
1998-10-20,9.02
1998-10-21,9.28
1998-10-22,9.19
1998-10-23,8.87
1998-10-26,9.36
1998-10-27,8.81
1998-10-28,9.2
1998-10-29,9.11
1998-10-30,9.28
1998-11-02,9.41
1998-11-03,9.45
1998-11-04,9.67
1998-11-05,9.55
1998-11-06,9.52
1998-11-09,9.16
1998-11-10,8.78
1998-11-11,8.39
1998-11-12,8.5
1998-11-13,8.92
1998-11-16,9.0
1998-11-17,8.7
1998-11-18,8.86
1998-11-19,8.94
1998-11-20,8.83
1998-11-23,9.06
1998-11-24,8.98
1998-11-25,8.78
1998-11-27,8.77
1998-11-30,7.98
1998-12-01,8.53
1998-12-02,9.0
1998-12-03,8.42
1998-12-04,8.19
1998-12-07,8.44
1998-12-08,8.02
1998-12-09,8.0
1998-12-10,8.0
1998-12-11,8.44
1998-12-14,8.13
1998-12-15,8.39
1998-12-16,8.2
1998-12-17,8.36
1998-12-18,8.8
1998-12-21,8.77
1998-12-22,9.5
1998-12-23,9.95
1998-12-24,9.81
1998-12-28,10.22
1998-12-29,10.2
1998-12-30,10.02
1998-12-31,10.23
1999-01-04,10.31
1999-01-05,10.83
1999-01-06,10.44
1999-01-07,11.25
1999-01-08,11.25
1999-01-11,11.47
1999-01-12,11.53
1999-01-13,11.63
1999-01-14,10.34
1999-01-15,10.33
1999-01-19,10.22
1999-01-20,10.14
1999-01-21,9.7
1999-01-22,9.69
1999-01-25,9.84
1999-01-26,10.12
1999-01-27,10.03
1999-01-28,10.22
1999-01-29,10.3
1999-02-01,10.23
1999-02-02,9.8
1999-02-03,10.05
1999-02-04,9.47
1999-02-05,9.08
1999-02-08,9.44
1999-02-09,9.3
1999-02-10,9.58
1999-02-11,9.91
1999-02-12,9.42
1999-02-16,9.58
1999-02-17,9.25
1999-02-18,9.0
1999-02-19,9.3
1999-02-22,9.61
1999-02-23,9.61
1999-02-24,9.36
1999-02-25,9.23
1999-02-26,8.7
1999-03-01,8.44
1999-03-02,8.66
1999-03-03,8.55
1999-03-04,8.36
1999-03-05,8.3
1999-03-08,8.59
1999-03-09,8.53
1999-03-10,8.14
1999-03-11,8.05
1999-03-12,8.3
1999-03-15,8.52
1999-03-16,8.87
1999-03-17,8.52
1999-03-18,8.87
1999-03-19,8.37
1999-03-22,8.77
1999-03-23,8.25
1999-03-24,8.42
1999-03-25,8.45
1999-03-26,8.31
1999-03-29,8.84
1999-03-30,8.97
1999-03-31,8.98
1999-04-01,9.02
1999-04-05,9.27
1999-04-06,9.5
1999-04-07,9.28
1999-04-08,9.22
1999-04-09,9.19
1999-04-12,9.06
1999-04-13,8.66
1999-04-14,8.88
1999-04-15,8.94
1999-04-16,8.86
1999-04-19,8.47
1999-04-20,8.52
1999-04-21,8.59
1999-04-22,9.09
1999-04-23,9.8
1999-04-26,10.23
1999-04-27,11.44
1999-04-28,11.02
1999-04-29,10.75
1999-04-30,11.5
1999-05-03,12.39
1999-05-04,11.63
1999-05-05,11.75
1999-05-06,11.12
1999-05-07,11.47
1999-05-10,11.31
1999-05-11,11.19
1999-05-12,11.63
1999-05-13,11.55
1999-05-14,11.09
1999-05-17,11.09
1999-05-18,11.31
1999-05-19,11.3
1999-05-20,10.62
1999-05-21,10.98
1999-05-24,10.48
1999-05-25,10.38
1999-05-26,11.02
1999-05-27,10.88
1999-05-28,11.02
1999-06-01,11.2
1999-06-02,11.64
1999-06-03,11.86
1999-06-04,12.03
1999-06-07,12.23
1999-06-08,11.92
1999-06-09,12.11
1999-06-10,12.03
1999-06-11,11.61
1999-06-14,11.36
1999-06-15,11.52
1999-06-16,11.98
1999-06-17,11.59
1999-06-18,11.78
1999-06-21,11.63
1999-06-22,11.34
1999-06-23,10.92
1999-06-24,10.58
1999-06-25,10.55
1999-06-28,10.64
1999-06-29,11.34
1999-06-30,11.58
1999-07-01,11.33
1999-07-02,11.58
1999-07-06,11.84
1999-07-07,12.47
1999-07-08,13.62
1999-07-09,13.91
1999-07-12,13.62
1999-07-13,13.42
1999-07-14,13.98
1999-07-15,13.31
1999-07-16,13.27
1999-07-19,13.61
1999-07-20,13.22
1999-07-21,13.52
1999-07-22,13.09
1999-07-23,13.33
1999-07-26,12.73
1999-07-27,13.42
1999-07-28,13.59
1999-07-29,13.47
1999-07-30,13.92
1999-08-02,13.94
1999-08-03,13.81
1999-08-04,13.45
1999-08-05,13.69
1999-08-06,13.53
1999-08-09,13.61
1999-08-10,13.84
1999-08-11,14.92
1999-08-12,15.0
1999-08-13,15.02
1999-08-16,15.13
1999-08-17,15.08
1999-08-18,15.03
1999-08-19,14.69
1999-08-20,14.8
1999-08-23,15.19
1999-08-24,15.09
1999-08-25,15.34
1999-08-26,15.53
1999-08-27,16.19
1999-08-30,15.52
1999-08-31,16.31
1999-09-01,17.16
1999-09-02,17.64
1999-09-03,18.38
1999-09-07,19.09
1999-09-08,18.63
1999-09-09,18.89
1999-09-10,19.36
1999-09-13,18.75
1999-09-14,19.45
1999-09-15,18.84
1999-09-16,19.2
1999-09-17,19.23
1999-09-20,19.77
1999-09-21,17.31
1999-09-22,17.58
1999-09-23,15.83
1999-09-24,16.23
1999-09-27,15.33
1999-09-28,14.91
1999-09-29,14.77
1999-09-30,15.83
1999-10-01,15.43
1999-10-04,16.14
1999-10-05,16.98
1999-10-06,16.8
1999-10-07,16.59
1999-10-08,16.39
1999-10-11,16.67
1999-10-12,16.92
1999-10-13,16.01
1999-10-14,18.3
1999-10-15,18.64
1999-10-18,18.31
1999-10-19,17.12
1999-10-20,18.78
1999-10-21,19.03
1999-10-22,18.48
1999-10-25,18.63
1999-10-26,18.77
1999-10-27,19.09
1999-10-28,19.47
1999-10-29,20.03
1999-11-01,19.41
1999-11-02,20.06
1999-11-03,20.38
1999-11-04,20.91
1999-11-05,22.08
1999-11-08,24.09
1999-11-09,22.41
1999-11-10,22.86
1999-11-11,23.06
1999-11-12,22.66
1999-11-15,22.36
1999-11-16,22.8
1999-11-17,22.56
1999-11-18,22.41
1999-11-19,23.11
1999-11-22,22.66
1999-11-23,23.2
1999-11-24,23.67
1999-11-26,23.77
1999-11-29,23.64
1999-11-30,24.47
1999-12-01,25.77
1999-12-02,27.55
1999-12-03,28.75
1999-12-06,29.0
1999-12-07,29.45
1999-12-08,27.52
1999-12-09,26.31
1999-12-10,25.75
1999-12-13,24.75
1999-12-14,23.72
1999-12-15,24.25
1999-12-16,24.58
1999-12-17,25.0
1999-12-20,24.5
1999-12-21,25.63
1999-12-22,24.98
1999-12-23,25.87
1999-12-27,24.83
1999-12-28,24.55
1999-12-29,25.17
1999-12-30,25.08
1999-12-31,25.7
2000-01-03,27.98
2000-01-04,25.63
2000-01-05,26.0
2000-01-06,23.75
2000-01-07,24.88
2000-01-10,24.44
2000-01-11,23.19
2000-01-12,21.8
2000-01-13,24.19
2000-01-14,25.11
2000-01-18,25.98
2000-01-19,26.64
2000-01-20,28.38
2000-01-21,27.83
2000-01-24,26.56
2000-01-25,28.06
2000-01-26,27.55
2000-01-27,27.5
2000-01-28,25.41
2000-01-31,25.94
2000-02-01,25.06
2000-02-02,24.7
2000-02-03,25.83
2000-02-04,27.0
2000-02-07,28.52
2000-02-08,28.72
2000-02-09,28.16
2000-02-10,28.38
2000-02-11,27.19
2000-02-14,28.95
2000-02-15,29.75
2000-02-16,28.53
2000-02-17,28.72
2000-02-18,27.81
2000-02-22,28.45
2000-02-23,29.06
2000-02-24,28.8
2000-02-25,27.59
2000-02-28,28.31
2000-02-29,28.66
2000-03-01,32.58
2000-03-02,30.5
2000-03-03,32.0
2000-03-06,31.42
2000-03-07,30.72
2000-03-08,30.5
2000-03-09,30.56
2000-03-10,31.44
2000-03-13,30.33
2000-03-14,28.56
2000-03-15,29.06
2000-03-16,30.39
2000-03-17,31.25
2000-03-20,30.75
2000-03-21,33.73
2000-03-22,36.05
2000-03-23,35.33
2000-03-24,34.67
2000-03-27,34.89
2000-03-28,34.78
2000-03-29,33.98
2000-03-30,31.44
2000-03-31,33.95
2000-04-03,33.33
2000-04-04,31.83
2000-04-05,32.59
2000-04-06,31.3
2000-04-07,32.94
2000-04-10,31.25
2000-04-11,29.86
2000-04-12,27.31
2000-04-13,28.45
2000-04-14,27.97
2000-04-17,30.97
2000-04-18,31.72
2000-04-19,30.28
2000-04-20,29.72
2000-04-24,30.13
2000-04-25,32.08
2000-04-26,30.33
2000-04-27,31.69
2000-04-28,31.02
2000-05-01,31.08
2000-05-02,29.47
2000-05-03,28.77
2000-05-04,27.67
2000-05-05,28.28
2000-05-08,27.53
2000-05-09,26.36
2000-05-10,24.83
2000-05-11,25.7
2000-05-12,26.91
2000-05-15,25.25
2000-05-16,26.42
2000-05-17,25.34
2000-05-18,25.19
2000-05-19,23.5
2000-05-22,22.48
2000-05-23,21.45
2000-05-24,21.92
2000-05-25,21.82
2000-05-26,21.59
2000-05-30,21.89
2000-05-31,21.0
2000-06-01,22.28
2000-06-02,23.14
2000-06-05,22.83
2000-06-06,23.22
2000-06-07,24.14
2000-06-08,23.7
2000-06-09,23.94
2000-06-12,22.8
2000-06-13,23.62
2000-06-14,22.61
2000-06-15,23.09
2000-06-16,22.8
2000-06-19,24.16
2000-06-20,25.31
2000-06-21,27.81
2000-06-22,26.87
2000-06-23,25.84
2000-06-26,27.06
2000-06-27,25.87
2000-06-28,27.22
2000-06-29,25.63
2000-06-30,26.19
2000-07-03,26.66
2000-07-05,25.81
2000-07-06,25.91
2000-07-07,27.22
2000-07-10,28.56
2000-07-11,28.47
2000-07-12,29.44
2000-07-13,28.25
2000-07-14,28.84
2000-07-17,29.16
2000-07-18,28.62
2000-07-19,26.34
2000-07-20,27.56
2000-07-21,26.78
2000-07-24,24.34
2000-07-25,25.03
2000-07-26,25.03
2000-07-27,26.0
2000-07-28,24.16
2000-07-31,25.41
2000-08-01,24.66
2000-08-02,23.62
2000-08-03,24.0
2000-08-04,23.69
2000-08-07,23.97
2000-08-08,23.37
2000-08-09,23.75
2000-08-10,23.78
2000-08-11,23.84
2000-08-14,23.53
2000-08-15,23.34
2000-08-16,24.25
2000-08-17,25.72
2000-08-18,25.0
2000-08-21,25.25
2000-08-22,25.84
2000-08-23,27.16
2000-08-24,28.05
2000-08-25,28.41
2000-08-28,29.03
2000-08-29,29.59
2000-08-30,29.75
2000-08-31,30.47
2000-09-01,31.72
2000-09-05,31.22
2000-09-06,29.22
2000-09-07,31.0
2000-09-08,29.44
2000-09-11,29.22
2000-09-12,28.88
2000-09-13,29.0
2000-09-14,28.43
2000-09-15,27.62
2000-09-18,30.33
2000-09-19,29.97
2000-09-20,30.52
2000-09-21,28.34
2000-09-22,26.09
2000-09-25,26.75
2000-09-26,25.72
2000-09-27,24.47
2000-09-28,26.75
2000-09-29,12.87
2000-10-02,12.13
2000-10-03,11.16
2000-10-04,11.81
2000-10-05,11.03
2000-10-06,11.09
2000-10-09,10.88
2000-10-10,10.44
2000-10-11,9.81
2000-10-12,10.0
2000-10-13,11.03
2000-10-16,10.75
2000-10-17,10.06
2000-10-18,10.06
2000-10-19,9.47
2000-10-20,9.75
2000-10-23,10.19
2000-10-24,9.44
2000-10-25,9.25
2000-10-26,9.25
2000-10-27,9.28
2000-10-30,9.66
2000-10-31,9.78
2000-11-01,10.25
2000-11-02,11.16
2000-11-03,11.12
2000-11-06,10.72
2000-11-07,10.66
2000-11-08,10.03
2000-11-09,10.09
2000-11-10,9.53
2000-11-13,9.69
2000-11-14,10.12
2000-11-15,9.94
2000-11-16,9.5
2000-11-17,9.25
2000-11-20,9.47
2000-11-21,9.41
2000-11-22,9.25
2000-11-24,9.66
2000-11-27,9.34
2000-11-28,9.02
2000-11-29,8.78
2000-11-30,8.25
2000-12-01,8.53
2000-12-04,8.34
2000-12-05,8.5
2000-12-06,7.16
2000-12-07,7.16
2000-12-08,7.53
2000-12-11,7.59
2000-12-12,7.69
2000-12-13,7.5
2000-12-14,7.22
2000-12-15,7.03
2000-12-18,7.12
2000-12-19,7.0
2000-12-20,7.19
2000-12-21,7.03
2000-12-22,7.5
2000-12-26,7.34
2000-12-27,7.41
2000-12-28,7.41
2000-12-29,7.44
2001-01-02,7.44
2001-01-03,8.19
2001-01-04,8.53
2001-01-05,8.19
2001-01-08,8.28
2001-01-09,8.59
2001-01-10,8.28
2001-01-11,9.0
2001-01-12,8.59
2001-01-16,8.56
2001-01-17,8.41
2001-01-18,9.34
2001-01-19,9.75
2001-01-22,9.62
2001-01-23,10.25
2001-01-24,10.25
2001-01-25,9.97
2001-01-26,9.78
2001-01-29,10.84
2001-01-30,10.88
2001-01-31,10.81
2001-02-01,10.56
2001-02-02,10.31
2001-02-05,10.09
2001-02-06,10.56
2001-02-07,10.38
2001-02-08,10.38
2001-02-09,9.56
2001-02-12,9.84
2001-02-13,9.56
2001-02-14,9.75
2001-02-15,10.03
2001-02-16,9.5
2001-02-20,9.16
2001-02-21,9.44
2001-02-22,9.41
2001-02-23,9.41
2001-02-26,9.75
2001-02-27,9.69
2001-02-28,9.13
2001-03-01,9.37
2001-03-02,9.62
2001-03-05,10.19
2001-03-06,10.75
2001-03-07,10.62
2001-03-08,10.41
2001-03-09,10.12
2001-03-12,9.31
2001-03-13,9.78
2001-03-14,10.22
2001-03-15,9.84
2001-03-16,9.81
2001-03-19,10.28
2001-03-20,9.84
2001-03-21,10.06
2001-03-22,10.81
2001-03-23,11.5
2001-03-26,10.89
2001-03-27,11.44
2001-03-28,11.09
2001-03-29,11.26
2001-03-30,11.03
2001-04-02,10.8
2001-04-03,10.12
2001-04-04,9.75
2001-04-05,10.44
2001-04-06,10.3
2001-04-09,10.27
2001-04-10,11.02
2001-04-11,10.9
2001-04-12,11.21
2001-04-16,10.72
2001-04-17,10.2
2001-04-18,11.39
2001-04-19,12.86
2001-04-20,12.52
2001-04-23,12.13
2001-04-24,12.01
2001-04-25,12.36
2001-04-26,12.35
2001-04-27,13.1
2001-04-30,12.75
2001-05-01,12.97
2001-05-02,13.29
2001-05-03,12.48
2001-05-04,12.87
2001-05-07,12.48
2001-05-08,12.28
2001-05-09,11.99
2001-05-10,11.5
2001-05-11,11.43
2001-05-14,11.65
2001-05-15,11.59
2001-05-16,12.05
2001-05-17,11.78
2001-05-18,11.77
2001-05-21,11.78
2001-05-22,11.75
2001-05-23,11.61
2001-05-24,11.6
2001-05-25,11.38
2001-05-29,10.74
2001-05-30,9.89
2001-05-31,9.97
2001-06-01,10.45
2001-06-04,10.33
2001-06-05,10.47
2001-06-06,10.37
2001-06-07,10.83
2001-06-08,10.66
2001-06-11,10.02
2001-06-12,10.16
2001-06-13,10.24
2001-06-14,9.94
2001-06-15,10.22
2001-06-18,10.17
2001-06-19,10.1
2001-06-20,10.83
2001-06-21,11.24
2001-06-22,11.13
2001-06-25,12.0
2001-06-26,11.87
2001-06-27,11.67
2001-06-28,11.77
2001-06-29,11.63
2001-07-02,11.95
2001-07-03,11.92
2001-07-05,11.59
2001-07-06,11.02
2001-07-09,11.35
2001-07-10,10.57
2001-07-11,11.27
2001-07-12,12.18
2001-07-13,12.42
2001-07-16,11.98
2001-07-17,12.55
2001-07-18,10.4
2001-07-19,9.98
2001-07-20,9.99
2001-07-23,9.77
2001-07-24,9.55
2001-07-25,9.23
2001-07-26,9.29
2001-07-27,9.48
2001-07-30,9.47
2001-07-31,9.4
2001-08-01,9.53
2001-08-02,9.91
2001-08-03,9.75
2001-08-06,9.56
2001-08-07,9.62
2001-08-08,9.45
2001-08-09,9.53
2001-08-10,9.51
2001-08-13,9.55
2001-08-14,9.36
2001-08-15,9.22
2001-08-16,9.33
2001-08-17,9.04
2001-08-20,9.06
2001-08-21,8.96
2001-08-22,9.11
2001-08-23,8.91
2001-08-24,9.28
2001-08-27,9.46
2001-08-28,9.2
2001-08-29,8.92
2001-08-30,8.92
2001-08-31,9.28
2001-09-04,9.13
2001-09-05,9.28
2001-09-06,8.86
2001-09-07,8.64
2001-09-10,8.69
2001-09-17,8.5
2001-09-18,8.14
2001-09-19,8.51
2001-09-20,7.84
2001-09-21,7.87
2001-09-24,8.22
2001-09-25,7.77
2001-09-26,7.58
2001-09-27,7.75
2001-09-28,7.75
2001-10-01,7.77
2001-10-02,7.53
2001-10-03,7.49
2001-10-04,7.94
2001-10-05,8.07
2001-10-08,8.1
2001-10-09,8.0
2001-10-10,8.41
2001-10-11,8.87
2001-10-12,9.0
2001-10-15,8.99
2001-10-16,9.0
2001-10-17,8.5
2001-10-18,9.0
2001-10-19,9.15
2001-10-22,9.51
2001-10-23,9.07
2001-10-24,9.48
2001-10-25,9.6
2001-10-26,9.34
2001-10-29,8.81
2001-10-30,8.8
2001-10-31,8.78
2001-11-01,9.29
2001-11-02,9.28
2001-11-05,9.54
2001-11-06,9.78
2001-11-07,9.79
2001-11-08,9.35
2001-11-09,9.35
2001-11-12,9.37
2001-11-13,9.69
2001-11-14,9.81
2001-11-15,9.72
2001-11-16,9.49
2001-11-19,10.0
2001-11-20,9.76
2001-11-21,9.84
2001-11-23,9.92
2001-11-26,10.68
2001-11-27,10.5
2001-11-28,10.26
2001-11-29,10.21
2001-11-30,10.65
2001-12-03,10.53
2001-12-04,11.2
2001-12-05,11.88
2001-12-06,11.39
2001-12-07,11.27
2001-12-10,11.27
2001-12-11,10.89
2001-12-12,10.74
2001-12-13,10.5
2001-12-14,10.19
2001-12-17,10.31
2001-12-18,10.51
2001-12-19,10.81
2001-12-20,10.33
2001-12-21,10.5
2001-12-24,10.68
2001-12-26,10.74
2001-12-27,11.03
2001-12-28,11.22
2001-12-31,10.95
2002-01-02,11.65
2002-01-03,11.79
2002-01-04,11.85
2002-01-07,11.45
2002-01-08,11.31
2002-01-09,10.82
2002-01-10,10.61
2002-01-11,10.53
2002-01-14,10.58
2002-01-15,10.85
2002-01-16,10.39
2002-01-17,11.24
2002-01-18,11.09
2002-01-22,10.91
2002-01-23,11.51
2002-01-24,11.6
2002-01-25,11.63
2002-01-28,11.64
2002-01-29,11.53
2002-01-30,12.05
2002-01-31,12.36
2002-02-01,12.21
2002-02-04,12.68
2002-02-05,12.72
2002-02-06,12.34
2002-02-07,12.15
2002-02-08,12.01
2002-02-11,12.49
2002-02-12,12.35
2002-02-13,12.5
2002-02-14,12.3
2002-02-15,11.95
2002-02-19,11.31
2002-02-20,11.57
2002-02-21,10.75
2002-02-22,11.37
2002-02-25,11.91
2002-02-26,11.84
2002-02-27,10.98
2002-02-28,10.85
2002-03-01,11.72
2002-03-04,12.15
2002-03-05,11.77
2002-03-06,12.03
2002-03-07,12.19
2002-03-08,12.33
2002-03-11,12.53
2002-03-12,12.36
2002-03-13,12.24
2002-03-14,12.22
2002-03-15,12.48
2002-03-18,12.37
2002-03-19,12.42
2002-03-20,12.46
2002-03-21,12.14
2002-03-22,12.05
2002-03-25,11.67
2002-03-26,11.73
2002-03-27,11.73
2002-03-28,11.84
2002-04-01,12.23
2002-04-02,12.03
2002-04-03,11.87
2002-04-04,12.45
2002-04-05,12.37
2002-04-08,12.28
2002-04-09,12.05
2002-04-10,12.33
2002-04-11,12.43
2002-04-12,12.53
2002-04-15,12.5
2002-04-16,12.87
2002-04-17,13.06
2002-04-18,12.71
2002-04-19,12.49
2002-04-22,12.27
2002-04-23,12.13
2002-04-24,11.88
2002-04-25,12.06
2002-04-26,11.51
2002-04-29,11.98
2002-04-30,12.14
2002-05-01,11.99
2002-05-02,11.85
2002-05-03,11.75
2002-05-06,11.32
2002-05-07,11.24
2002-05-08,12.19
2002-05-09,12.09
2002-05-10,11.66
2002-05-13,11.97
2002-05-14,12.8
2002-05-15,12.64
2002-05-16,12.61
2002-05-17,12.5
2002-05-20,12.37
2002-05-21,11.73
2002-05-22,12.16
2002-05-23,12.59
2002-05-24,12.08
2002-05-28,11.99
2002-05-29,11.99
2002-05-30,12.1
2002-05-31,11.65
2002-06-03,11.45
2002-06-04,11.39
2002-06-05,11.36
2002-06-06,11.08
2002-06-07,10.7
2002-06-10,10.74
2002-06-11,10.23
2002-06-12,10.04
2002-06-13,9.77
2002-06-14,10.05
2002-06-17,10.27
2002-06-18,10.07
2002-06-19,8.56
2002-06-20,8.56
2002-06-21,8.43
2002-06-24,8.64
2002-06-25,8.57
2002-06-26,8.28
2002-06-27,8.53
2002-06-28,8.86
2002-07-01,8.53
2002-07-02,8.47
2002-07-03,8.78
2002-07-05,9.37
2002-07-08,9.0
2002-07-09,8.77
2002-07-10,8.66
2002-07-11,9.15
2002-07-12,8.76
2002-07-15,9.12
2002-07-16,8.93
2002-07-17,7.81
2002-07-18,7.5
2002-07-19,7.48
2002-07-22,7.46
2002-07-23,7.24
2002-07-24,7.6
2002-07-25,7.18
2002-07-26,7.17
2002-07-29,7.51
2002-07-30,7.72
2002-07-31,7.63
2002-08-01,7.4
2002-08-02,7.23
2002-08-05,6.99
2002-08-06,7.37
2002-08-07,7.52
2002-08-08,7.65
2002-08-09,7.5
2002-08-12,7.5
2002-08-13,7.3
2002-08-14,7.59
2002-08-15,7.81
2002-08-16,7.9
2002-08-19,7.99
2002-08-20,7.95
2002-08-21,8.06
2002-08-22,7.99
2002-08-23,7.87
2002-08-26,7.76
2002-08-27,7.43
2002-08-28,7.35
2002-08-29,7.35
2002-08-30,7.38
2002-09-03,7.03
2002-09-04,7.24
2002-09-05,7.09
2002-09-06,7.19
2002-09-09,7.18
2002-09-10,7.17
2002-09-11,7.15
2002-09-12,7.07
2002-09-13,7.09
2002-09-16,7.25
2002-09-17,7.4
2002-09-18,7.51
2002-09-19,7.29
2002-09-20,7.44
2002-09-23,7.43
2002-09-24,7.32
2002-09-25,7.46
2002-09-26,7.35
2002-09-27,7.36
2002-09-30,7.25
2002-10-01,7.25
2002-10-02,7.09
2002-10-03,7.15
2002-10-04,7.02
2002-10-07,6.89
2002-10-08,6.84
2002-10-09,6.8
2002-10-10,7.05
2002-10-11,7.25
2002-10-14,7.38
2002-10-15,7.58
2002-10-16,7.28
2002-10-17,7.05
2002-10-18,7.17
2002-10-21,7.28
2002-10-22,7.35
2002-10-23,7.44
2002-10-24,7.34
2002-10-25,7.71
2002-10-28,7.81
2002-10-29,7.72
2002-10-30,7.99
2002-10-31,8.03
2002-11-01,8.18
2002-11-04,8.44
2002-11-05,8.45
2002-11-06,8.61
2002-11-07,8.0
2002-11-08,7.92
2002-11-11,7.58
2002-11-12,7.82
2002-11-13,7.8
2002-11-14,8.15
2002-11-15,7.97
2002-11-18,7.82
2002-11-19,7.64
2002-11-20,7.76
2002-11-21,8.17
2002-11-22,8.01
2002-11-25,7.99
2002-11-26,7.71
2002-11-27,7.86
2002-11-29,7.75
2002-12-02,7.59
2002-12-03,7.58
2002-12-04,7.48
2002-12-05,7.31
2002-12-06,7.47
2002-12-09,7.38
2002-12-10,7.64
2002-12-11,7.74
2002-12-12,7.6
2002-12-13,7.39
2002-12-16,7.43
2002-12-17,7.54
2002-12-18,7.29
2002-12-19,7.1
2002-12-20,7.07
2002-12-23,7.24
2002-12-24,7.18
2002-12-26,7.2
2002-12-27,7.03
2002-12-30,7.03
2002-12-31,7.17
2003-01-02,7.4
2003-01-03,7.45
2003-01-06,7.45
2003-01-07,7.43
2003-01-08,7.27
2003-01-09,7.34
2003-01-10,7.36
2003-01-13,7.31
2003-01-14,7.31
2003-01-15,7.22
2003-01-16,7.31
2003-01-17,7.05
2003-01-21,7.01
2003-01-22,6.94
2003-01-23,7.09
2003-01-24,6.9
2003-01-27,7.06
2003-01-28,7.29
2003-01-29,7.46
2003-01-30,7.16
2003-01-31,7.18
2003-02-03,7.33
2003-02-04,7.3
2003-02-05,7.23
2003-02-06,7.22
2003-02-07,7.08
2003-02-10,7.17
2003-02-11,7.17
2003-02-12,7.19
2003-02-13,7.27
2003-02-14,7.33
2003-02-18,7.64
2003-02-19,7.43
2003-02-20,7.38
2003-02-21,7.5
2003-02-24,7.37
2003-02-25,7.51
2003-02-26,7.25
2003-02-27,7.43
2003-02-28,7.51
2003-03-03,7.32
2003-03-04,7.28
2003-03-05,7.31
2003-03-06,7.28
2003-03-07,7.26
2003-03-10,7.18
2003-03-11,7.11
2003-03-12,7.11
2003-03-13,7.36
2003-03-14,7.39
2003-03-17,7.51
2003-03-18,7.5
2003-03-19,7.47
2003-03-20,7.46
2003-03-21,7.5
2003-03-24,7.18
2003-03-25,7.27
2003-03-26,7.2
2003-03-27,7.24
2003-03-28,7.29
2003-03-31,7.07
2003-04-01,7.08
2003-04-02,7.3
2003-04-03,7.23
2003-04-04,7.2
2003-04-07,7.24
2003-04-08,7.23
2003-04-09,7.1
2003-04-10,7.18
2003-04-11,6.6
2003-04-14,6.79
2003-04-15,6.69
2003-04-16,6.62
2003-04-17,6.56
2003-04-21,6.57
2003-04-22,6.75
2003-04-23,6.79
2003-04-24,6.72
2003-04-25,6.68
2003-04-28,6.93
2003-04-29,7.03
2003-04-30,7.11
2003-05-01,7.18
2003-05-02,7.23
2003-05-05,8.04
2003-05-06,8.75
2003-05-07,8.83
2003-05-08,9.0
2003-05-09,9.15
2003-05-12,9.28
2003-05-13,9.34
2003-05-14,9.28
2003-05-15,9.36
2003-05-16,9.4
2003-05-19,9.05
2003-05-20,8.9
2003-05-21,8.92
2003-05-22,9.12
2003-05-23,9.16
2003-05-27,9.44
2003-05-28,9.14
2003-05-29,9.05
2003-05-30,8.98
2003-06-02,8.72
2003-06-03,8.65
2003-06-04,8.8
2003-06-05,8.82
2003-06-06,8.58
2003-06-09,8.39
2003-06-10,8.59
2003-06-11,8.72
2003-06-12,8.88
2003-06-13,8.71
2003-06-16,9.13
2003-06-17,9.09
2003-06-18,9.56
2003-06-19,9.57
2003-06-20,9.6
2003-06-23,9.53
2003-06-24,9.39
2003-06-25,9.55
2003-06-26,9.64
2003-06-27,9.36
2003-06-30,9.53
2003-07-01,9.55
2003-07-02,9.63
2003-07-03,9.56
2003-07-07,9.93
2003-07-08,10.2
2003-07-09,9.95
2003-07-10,9.79
2003-07-11,9.92
2003-07-14,9.95
2003-07-15,9.81
2003-07-16,9.93
2003-07-17,10.45
2003-07-18,10.43
2003-07-21,10.31
2003-07-22,10.4
2003-07-23,10.4
2003-07-24,10.26
2003-07-25,10.77
2003-07-28,10.49
2003-07-29,10.36
2003-07-30,10.14
2003-07-31,10.54
2003-08-01,10.37
2003-08-04,10.6
2003-08-05,10.19
2003-08-06,9.82
2003-08-07,9.97
2003-08-08,9.82
2003-08-11,9.83
2003-08-12,9.85
2003-08-13,10.09
2003-08-14,9.98
2003-08-15,9.85
2003-08-18,10.17
2003-08-19,10.16
2003-08-20,10.51
2003-08-21,10.84
2003-08-22,10.44
2003-08-25,10.43
2003-08-26,10.53
2003-08-27,10.74
2003-08-28,11.1
2003-08-29,11.31
2003-09-02,11.43
2003-09-03,11.47
2003-09-04,11.42
2003-09-05,11.25
2003-09-08,11.37
2003-09-09,11.18
2003-09-10,11.09
2003-09-11,11.28
2003-09-12,11.55
2003-09-15,11.1
2003-09-16,11.18
2003-09-17,11.06
2003-09-18,11.44
2003-09-19,11.29
2003-09-22,11.04
2003-09-23,11.22
2003-09-24,10.66
2003-09-25,10.21
2003-09-26,10.34
2003-09-29,10.65
2003-09-30,10.36
2003-10-01,10.4
2003-10-02,10.28
2003-10-03,10.84
2003-10-06,11.15
2003-10-07,11.61
2003-10-08,11.53
2003-10-09,11.72
2003-10-10,11.84
2003-10-13,12.17
2003-10-14,12.28
2003-10-15,12.41
2003-10-16,11.63
2003-10-17,11.38
2003-10-20,11.61
2003-10-21,11.59
2003-10-22,11.38
2003-10-23,11.5
2003-10-24,11.3
2003-10-27,11.3
2003-10-28,11.86
2003-10-29,11.85
2003-10-30,11.54
2003-10-31,11.44
2003-11-03,11.58
2003-11-04,11.45
2003-11-05,11.51
2003-11-06,11.56
2003-11-07,11.25
2003-11-10,10.95
2003-11-11,10.77
2003-11-12,11.17
2003-11-13,11.21
2003-11-14,10.73
2003-11-17,10.56
2003-11-18,10.2
2003-11-19,10.21
2003-11-20,10.19
2003-11-21,10.14
2003-11-24,10.58
2003-11-25,10.34
2003-11-26,10.36
2003-11-28,10.46
2003-12-01,10.86
2003-12-02,10.77
2003-12-03,10.52
2003-12-04,10.58
2003-12-05,10.42
2003-12-08,10.53
2003-12-09,10.23
2003-12-10,10.19
2003-12-11,10.6
2003-12-12,10.45
2003-12-15,10.09
2003-12-16,10.06
2003-12-17,9.94
2003-12-18,10.02
2003-12-19,9.85
2003-12-22,9.92
2003-12-23,9.9
2003-12-24,10.2
2003-12-26,10.39
2003-12-29,10.58
2003-12-30,10.64
2003-12-31,10.68
2004-01-02,10.64
2004-01-05,11.09
2004-01-06,11.04
2004-01-07,11.3
2004-01-08,11.68
2004-01-09,11.5
2004-01-12,11.87
2004-01-13,12.06
2004-01-14,12.1
2004-01-15,11.43
2004-01-16,11.36
2004-01-20,11.37
2004-01-21,11.31
2004-01-22,11.09
2004-01-23,11.28
2004-01-26,11.51
2004-01-27,11.53
2004-01-28,11.26
2004-01-29,11.34
2004-01-30,11.28
2004-02-02,11.16
2004-02-03,11.13
2004-02-04,10.89
2004-02-05,11.21
2004-02-06,11.36
2004-02-09,11.33
2004-02-10,11.49
2004-02-11,11.9
2004-02-12,11.87
2004-02-13,11.5
2004-02-17,11.58
2004-02-18,11.63
2004-02-19,11.24
2004-02-20,11.2
2004-02-23,11.1
2004-02-24,11.18
2004-02-25,11.4
2004-02-26,11.52
2004-02-27,11.96
2004-03-01,12.01
2004-03-02,11.91
2004-03-03,11.96
2004-03-04,12.58
2004-03-05,13.37
2004-03-08,13.0
2004-03-09,13.55
2004-03-10,13.84
2004-03-11,13.57
2004-03-12,13.78
2004-03-15,13.22
2004-03-16,12.91
2004-03-17,13.1
2004-03-18,12.84
2004-03-19,12.93
2004-03-22,12.93
2004-03-23,12.64
2004-03-24,12.75
2004-03-25,13.43
2004-03-26,13.52
2004-03-29,13.96
2004-03-30,13.96
2004-03-31,13.52
2004-04-01,13.55
2004-04-02,13.75
2004-04-05,14.16
2004-04-06,13.91
2004-04-07,13.66
2004-04-08,13.76
2004-04-12,14.02
2004-04-13,13.47
2004-04-14,13.32
2004-04-15,14.65
2004-04-16,14.59
2004-04-19,14.18
2004-04-20,13.87
2004-04-21,13.87
2004-04-22,13.89
2004-04-23,13.85
2004-04-26,13.56
2004-04-27,13.47
2004-04-28,13.22
2004-04-29,13.39
2004-04-30,12.89
2004-05-03,13.04
2004-05-04,13.07
2004-05-05,13.33
2004-05-06,13.29
2004-05-07,13.33
2004-05-10,13.14
2004-05-11,13.57
2004-05-12,13.65
2004-05-13,13.6
2004-05-14,13.53
2004-05-17,13.32
2004-05-18,13.53
2004-05-19,13.24
2004-05-20,13.35
2004-05-21,13.55
2004-05-24,13.67
2004-05-25,14.2
2004-05-26,14.25
2004-05-27,14.09
2004-05-28,14.03
2004-06-01,14.03
2004-06-02,14.46
2004-06-03,14.2
2004-06-04,14.39
2004-06-07,14.9
2004-06-08,15.17
2004-06-09,15.1
2004-06-10,15.37
2004-06-14,15.06
2004-06-15,15.35
2004-06-16,16.37
2004-06-17,16.41
2004-06-18,16.46
2004-06-21,16.16
2004-06-22,16.5
2004-06-23,16.85
2004-06-24,16.59
2004-06-25,16.85
2004-06-28,16.25
2004-06-29,16.25
2004-06-30,16.27
2004-07-01,16.15
2004-07-02,15.54
2004-07-06,15.48
2004-07-07,15.2
2004-07-08,15.07
2004-07-09,15.01
2004-07-12,14.57
2004-07-13,14.61
2004-07-14,14.79
2004-07-15,16.47
2004-07-16,16.1
2004-07-19,15.99
2004-07-20,16.1
2004-07-21,15.81
2004-07-22,15.84
2004-07-23,15.35
2004-07-26,15.63
2004-07-27,16.21
2004-07-28,16.14
2004-07-29,16.32
2004-07-30,16.17
2004-08-02,15.79
2004-08-03,15.64
2004-08-04,15.9
2004-08-05,15.7
2004-08-06,14.89
2004-08-09,15.15
2004-08-10,15.76
2004-08-11,15.5
2004-08-12,15.18
2004-08-13,15.42
2004-08-16,15.39
2004-08-17,15.43
2004-08-18,15.87
2004-08-19,15.36
2004-08-20,15.4
2004-08-23,15.54
2004-08-24,15.98
2004-08-25,16.53
2004-08-26,17.33
2004-08-27,17.18
2004-08-30,17.06
2004-08-31,17.25
2004-09-01,17.93
2004-09-02,17.83
2004-09-03,17.61
2004-09-07,17.88
2004-09-08,18.17
2004-09-09,17.85
2004-09-10,17.94
2004-09-13,17.8
2004-09-14,17.75
2004-09-15,17.6
2004-09-16,18.17
2004-09-17,18.57
2004-09-20,18.86
2004-09-21,19.0
2004-09-22,18.46
2004-09-23,18.64
2004-09-24,18.65
2004-09-27,18.77
2004-09-28,19.02
2004-09-29,19.34
2004-09-30,19.37
2004-10-01,19.34
2004-10-04,19.4
2004-10-05,19.69
2004-10-06,20.32
2004-10-07,19.81
2004-10-08,19.53
2004-10-11,19.29
2004-10-12,19.14
2004-10-13,19.87
2004-10-14,22.49
2004-10-15,22.75
2004-10-18,23.88
2004-10-19,23.71
2004-10-20,23.74
2004-10-21,23.97
2004-10-22,23.7
2004-10-25,23.77
2004-10-26,23.98
2004-10-27,25.15
2004-10-28,26.09
2004-10-29,26.2
2004-11-01,26.22
2004-11-02,26.75
2004-11-03,27.66
2004-11-04,27.22
2004-11-05,27.36
2004-11-08,27.19
2004-11-09,27.03
2004-11-10,27.38
2004-11-11,27.65
2004-11-12,27.75
2004-11-15,27.62
2004-11-16,27.47
2004-11-17,27.45
2004-11-18,27.69
2004-11-19,27.59
2004-11-22,30.68
2004-11-23,30.63
2004-11-24,32.02
2004-11-26,32.28
2004-11-29,34.22
2004-11-30,33.52
2004-12-01,33.9
2004-12-02,32.6
2004-12-03,31.34
2004-12-06,32.89
2004-12-07,31.45
2004-12-08,31.64
2004-12-09,32.0
2004-12-10,32.58
2004-12-13,32.45
2004-12-14,32.65
2004-12-15,32.63
2004-12-16,33.3
2004-12-17,32.5
2004-12-20,31.36
2004-12-21,31.84
2004-12-22,31.88
2004-12-23,32.01
2004-12-27,31.58
2004-12-28,32.09
2004-12-29,32.22
2004-12-30,32.4
2004-12-31,32.2
2005-01-03,31.65
2005-01-04,31.97
2005-01-05,32.25
2005-01-06,32.28
2005-01-07,34.62
2005-01-10,34.48
2005-01-11,32.28
2005-01-12,32.73
2005-01-13,34.9
2005-01-14,35.1
2005-01-18,35.32
2005-01-19,34.94
2005-01-20,35.23
2005-01-21,35.24
2005-01-24,35.38
2005-01-25,36.02
2005-01-26,36.13
2005-01-27,36.32
2005-01-28,36.99
2005-01-31,38.45
2005-02-01,38.76
2005-02-02,39.81
2005-02-03,38.9
2005-02-04,39.42
2005-02-07,39.47
2005-02-08,40.45
2005-02-09,39.37
2005-02-10,39.18
2005-02-11,40.61
2005-02-14,42.32
2005-02-15,44.21
2005-02-16,45.06
2005-02-17,43.91
2005-02-18,43.41
2005-02-22,42.65
2005-02-23,44.12
2005-02-24,44.47
2005-02-25,44.49
2005-02-28,44.86
2005-03-01,44.5
2005-03-02,44.12
2005-03-03,41.79
2005-03-04,42.81
2005-03-07,42.75
2005-03-08,40.53
2005-03-09,39.35
2005-03-10,39.83
2005-03-11,40.27
2005-03-14,40.32
2005-03-15,40.96
2005-03-16,41.18
2005-03-17,42.25
2005-03-18,42.96
2005-03-21,43.7
2005-03-22,42.83
2005-03-23,42.55
2005-03-24,42.5
2005-03-28,42.53
2005-03-29,41.75
2005-03-30,42.8
2005-03-31,41.67
2005-04-01,40.89
2005-04-04,41.09
2005-04-05,41.89
2005-04-06,42.33
2005-04-07,43.56
2005-04-08,43.74
2005-04-11,41.92
2005-04-12,42.66
2005-04-13,41.04
2005-04-14,37.26
2005-04-15,35.35
2005-04-18,35.62
2005-04-19,37.09
2005-04-20,35.51
2005-04-21,37.18
2005-04-22,35.5
2005-04-25,36.98
2005-04-26,36.19
2005-04-27,35.95
2005-04-28,35.54
2005-04-29,36.06
2005-05-02,36.43
2005-05-03,36.21
2005-05-04,37.15
2005-05-05,36.68
2005-05-06,37.24
2005-05-09,36.97
2005-05-10,36.42
2005-05-11,35.61
2005-05-12,34.13
2005-05-13,34.77
2005-05-16,35.55
2005-05-17,35.36
2005-05-18,35.84
2005-05-19,37.55
2005-05-20,37.55
2005-05-23,39.76
2005-05-24,39.7
2005-05-25,39.78
2005-05-26,40.74
2005-05-27,40.56
2005-05-31,39.76
2005-06-01,40.3
2005-06-02,40.04
2005-06-03,38.24
2005-06-06,37.92
2005-06-07,36.54
2005-06-08,36.92
2005-06-09,37.65
2005-06-10,35.81
2005-06-13,35.9
2005-06-14,36.0
2005-06-15,37.13
2005-06-16,37.98
2005-06-17,38.31
2005-06-20,37.61
2005-06-21,37.86
2005-06-22,38.55
2005-06-23,38.89
2005-06-24,37.76
2005-06-27,37.1
2005-06-28,37.31
2005-06-29,36.37
2005-06-30,36.81
2005-07-01,36.5
2005-07-05,37.98
2005-07-06,37.39
2005-07-07,37.63
2005-07-08,38.25
2005-07-11,38.1
2005-07-12,38.24
2005-07-13,38.35
2005-07-14,40.75
2005-07-15,41.55
2005-07-18,41.49
2005-07-19,43.19
2005-07-20,43.63
2005-07-21,43.29
2005-07-22,44.0
2005-07-25,43.81
2005-07-26,43.63
2005-07-27,43.99
2005-07-28,43.8
2005-07-29,42.65
2005-08-01,42.75
2005-08-02,43.19
2005-08-03,43.22
2005-08-04,42.71
2005-08-05,42.99
2005-08-08,42.65
2005-08-09,43.82
2005-08-10,43.38
2005-08-11,44.0
2005-08-12,46.1
2005-08-15,47.68
2005-08-16,46.25
2005-08-17,47.15
2005-08-18,46.3
2005-08-19,45.83
2005-08-22,45.87
2005-08-23,45.74
2005-08-24,45.77
2005-08-25,46.06
2005-08-26,45.74
2005-08-29,45.84
2005-08-30,46.57
2005-08-31,46.89
2005-09-01,46.26
2005-09-02,46.22
2005-09-06,48.8
2005-09-07,48.68
2005-09-08,49.78
2005-09-09,51.31
2005-09-12,51.4
2005-09-13,50.82
2005-09-14,49.61
2005-09-15,49.87
2005-09-16,51.21
2005-09-19,52.64
2005-09-20,53.19
2005-09-21,52.11
2005-09-22,51.9
2005-09-23,53.2
2005-09-26,53.84
2005-09-27,53.44
2005-09-28,51.08
2005-09-29,52.34
2005-09-30,53.61
2005-10-03,54.44
2005-10-04,53.75
2005-10-05,52.78
2005-10-06,51.7
2005-10-07,51.3
2005-10-10,50.37
2005-10-11,51.59
2005-10-12,49.25
2005-10-13,53.74
2005-10-14,54.0
2005-10-17,53.44
2005-10-18,52.21
2005-10-19,54.94
2005-10-20,56.14
2005-10-21,55.66
2005-10-24,56.79
2005-10-25,56.1
2005-10-26,57.03
2005-10-27,55.41
2005-10-28,54.47
2005-10-31,57.59
2005-11-01,57.5
2005-11-02,59.95
2005-11-03,61.85
2005-11-04,61.15
2005-11-07,60.23
2005-11-08,59.9
2005-11-09,60.11
2005-11-10,61.18
2005-11-11,61.54
2005-11-14,61.45
2005-11-15,62.28
2005-11-16,64.95
2005-11-17,64.52
2005-11-18,64.56
2005-11-21,64.96
2005-11-22,66.52
2005-11-23,67.11
2005-11-25,69.34
2005-11-28,69.66
2005-11-29,68.1
2005-11-30,67.82
2005-12-01,71.6
2005-12-02,72.63
2005-12-05,71.82
2005-12-06,74.05
2005-12-07,73.95
2005-12-08,74.08
2005-12-09,74.33
2005-12-12,74.91
2005-12-13,74.98
2005-12-14,72.01
2005-12-15,72.18
2005-12-16,71.11
2005-12-19,71.38
2005-12-20,72.11
2005-12-21,73.5
2005-12-22,74.02
2005-12-23,73.35
2005-12-27,74.23
2005-12-28,73.57
2005-12-29,71.45
2005-12-30,71.89
2006-01-03,74.75
2006-01-04,74.97
2006-01-05,74.38
2006-01-06,76.3
2006-01-09,76.05
2006-01-10,80.86
2006-01-11,83.9
2006-01-12,84.29
2006-01-13,85.59
2006-01-17,84.71
2006-01-18,82.49
2006-01-19,79.04
2006-01-20,76.09
2006-01-23,77.67
2006-01-24,76.04
2006-01-25,74.2
2006-01-26,72.33
2006-01-27,72.03
2006-01-30,75.0
2006-01-31,75.51
2006-02-01,75.42
2006-02-02,72.1
2006-02-03,71.85
2006-02-06,67.3
2006-02-07,67.6
2006-02-08,68.81
2006-02-09,64.95
2006-02-10,67.31
2006-02-13,64.71
2006-02-14,67.64
2006-02-15,69.22
2006-02-16,70.57
2006-02-17,70.29
2006-02-21,69.08
2006-02-22,71.32
2006-02-23,71.75
2006-02-24,71.46
2006-02-27,70.99
2006-02-28,68.49
2006-03-01,69.1
2006-03-02,69.61
2006-03-03,67.72
2006-03-06,65.48
2006-03-07,66.31
2006-03-08,65.66
2006-03-09,63.93
2006-03-10,63.19
2006-03-13,65.68
2006-03-14,67.32
2006-03-15,66.23
2006-03-16,64.31
2006-03-17,64.66
2006-03-20,63.99
2006-03-21,61.81
2006-03-22,61.67
2006-03-23,60.16
2006-03-24,59.96
2006-03-27,59.51
2006-03-28,58.71
2006-03-29,62.33
2006-03-30,62.75
2006-03-31,62.72
2006-04-03,62.65
2006-04-04,61.17
2006-04-05,67.21
2006-04-06,71.24
2006-04-07,69.79
2006-04-10,68.67
2006-04-11,67.99
2006-04-12,66.71
2006-04-13,66.47
2006-04-17,64.81
2006-04-18,66.22
2006-04-19,65.65
2006-04-20,67.63
2006-04-21,67.04
2006-04-24,65.75
2006-04-25,66.17
2006-04-26,68.15
2006-04-27,69.36
2006-04-28,70.39
2006-05-01,69.6
2006-05-02,71.62
2006-05-03,71.14
2006-05-04,71.13
2006-05-05,71.89
2006-05-08,71.89
2006-05-09,71.03
2006-05-10,70.6
2006-05-11,68.15
2006-05-12,67.7
2006-05-15,67.79
2006-05-16,64.98
2006-05-17,65.26
2006-05-18,63.18
2006-05-19,64.51
2006-05-22,63.38
2006-05-23,63.15
2006-05-24,63.34
2006-05-25,64.33
2006-05-26,63.55
2006-05-30,61.22
2006-05-31,59.77
2006-06-01,62.17
2006-06-02,61.66
2006-06-05,60.0
2006-06-06,59.72
2006-06-07,58.56
2006-06-08,60.76
2006-06-09,59.24
2006-06-12,57.0
2006-06-13,58.33
2006-06-14,57.61
2006-06-15,59.38
2006-06-16,57.56
2006-06-19,57.2
2006-06-20,57.47
2006-06-21,57.86
2006-06-22,59.58
2006-06-23,58.83
2006-06-26,58.99
2006-06-27,57.43
2006-06-28,56.02
2006-06-29,58.97
2006-06-30,57.27
2006-07-03,57.95
2006-07-05,57.0
2006-07-06,55.77
2006-07-07,55.4
2006-07-10,55.0
2006-07-11,55.65
2006-07-12,52.96
2006-07-13,52.25
2006-07-14,50.67
2006-07-17,52.37
2006-07-18,52.9
2006-07-19,54.1
2006-07-20,60.5
2006-07-21,60.72
2006-07-24,61.42
2006-07-25,61.93
2006-07-26,63.87
2006-07-27,63.4
2006-07-28,65.59
2006-07-31,67.96
2006-08-01,67.18
2006-08-02,68.16
2006-08-03,69.59
2006-08-04,68.3
2006-08-07,67.21
2006-08-08,64.78
2006-08-09,63.59
2006-08-10,64.07
2006-08-11,63.65
2006-08-14,63.94
2006-08-15,66.45
2006-08-16,67.98
2006-08-17,67.59
2006-08-18,67.91
2006-08-21,66.56
2006-08-22,67.62
2006-08-23,67.31
2006-08-24,67.81
2006-08-25,68.75
2006-08-28,66.98
2006-08-29,66.48
2006-08-30,66.96
2006-08-31,67.85
2006-09-01,68.38
2006-09-05,71.48
2006-09-06,70.03
2006-09-07,72.8
2006-09-08,72.52
2006-09-11,72.5
2006-09-12,72.63
2006-09-13,74.2
2006-09-14,74.17
2006-09-15,74.1
2006-09-18,73.89
2006-09-19,73.77
2006-09-20,75.26
2006-09-21,74.65
2006-09-22,73.0
2006-09-25,75.75
2006-09-26,77.61
2006-09-27,76.41
2006-09-28,77.01
2006-09-29,76.98
2006-10-02,74.86
2006-10-03,74.08
2006-10-04,75.38
2006-10-05,74.83
2006-10-06,74.22
2006-10-09,74.63
2006-10-10,73.81
2006-10-11,73.23
2006-10-12,75.26
2006-10-13,75.02
2006-10-16,75.4
2006-10-17,74.29
2006-10-18,74.53
2006-10-19,78.99
2006-10-20,79.95
2006-10-23,81.46
2006-10-24,81.05
2006-10-25,81.68
2006-10-26,82.19
2006-10-27,80.41
2006-10-30,80.42
2006-10-31,81.08
2006-11-01,79.16
2006-11-02,78.98
2006-11-03,78.29
2006-11-06,79.71
2006-11-07,80.51
2006-11-08,82.45
2006-11-09,83.34
2006-11-10,83.12
2006-11-13,84.35
2006-11-14,85.0
2006-11-15,84.05
2006-11-16,85.61
2006-11-17,85.85
2006-11-20,86.47
2006-11-21,88.6
2006-11-22,90.31
2006-11-24,91.63
2006-11-27,89.54
2006-11-28,91.81
2006-11-29,91.8
2006-11-30,91.66
2006-12-01,91.32
2006-12-04,91.12
2006-12-05,91.27
2006-12-06,89.83
2006-12-07,87.04
2006-12-08,88.26
2006-12-11,88.75
2006-12-12,86.14
2006-12-13,89.05
2006-12-14,88.55
2006-12-15,87.72
2006-12-18,85.47
2006-12-19,86.31
2006-12-20,84.76
2006-12-21,82.9
2006-12-22,82.2
2006-12-26,81.51
2006-12-27,81.52
2006-12-28,80.87
2006-12-29,84.84
2007-01-03,83.8
2007-01-04,85.66
2007-01-05,85.05
2007-01-08,85.47
2007-01-09,92.57
2007-01-10,97.0
2007-01-11,95.8
2007-01-12,94.62
2007-01-16,97.1
2007-01-17,94.95
2007-01-18,89.07
2007-01-19,88.5
2007-01-22,86.79
2007-01-23,85.7
2007-01-24,86.7
2007-01-25,86.25
2007-01-26,85.38
2007-01-29,85.94
2007-01-30,85.55
2007-01-31,85.73
2007-02-01,84.74
2007-02-02,84.75
2007-02-05,83.94
2007-02-06,84.15
2007-02-07,86.15
2007-02-08,86.18
2007-02-09,83.27
2007-02-12,84.88
2007-02-13,84.7
2007-02-14,85.3
2007-02-15,85.21
2007-02-16,84.83
2007-02-20,85.9
2007-02-21,89.2
2007-02-22,89.51
2007-02-23,89.07
2007-02-26,88.51
2007-02-27,83.93
2007-02-28,84.61
2007-03-01,87.06
2007-03-02,85.41
2007-03-05,86.32
2007-03-06,88.19
2007-03-07,87.72
2007-03-08,88.0
2007-03-09,87.97
2007-03-12,89.87
2007-03-13,88.4
2007-03-14,90.0
2007-03-15,89.57
2007-03-16,89.59
2007-03-19,91.13
2007-03-20,91.48
2007-03-21,93.87
2007-03-22,93.96
2007-03-23,93.52
2007-03-26,95.85
2007-03-27,95.46
2007-03-28,93.24
2007-03-29,93.75
2007-03-30,92.91
2007-04-02,93.65
2007-04-03,94.5
2007-04-04,94.27
2007-04-05,94.68
2007-04-09,93.65
2007-04-10,94.25
2007-04-11,92.59
2007-04-12,92.19
2007-04-13,90.24
2007-04-16,91.43
2007-04-17,90.35
2007-04-18,90.4
2007-04-19,90.27
2007-04-20,90.97
2007-04-23,93.51
2007-04-24,93.24
2007-04-25,95.35
2007-04-26,98.84
2007-04-27,99.92
2007-04-30,99.8
2007-05-01,99.47
2007-05-02,100.39
2007-05-03,100.4
2007-05-04,100.81
2007-05-07,103.92
2007-05-08,105.06
2007-05-09,106.88
2007-05-10,107.34
2007-05-11,108.74
2007-05-14,109.36
2007-05-15,107.52
2007-05-16,107.34
2007-05-17,109.44
2007-05-18,110.02
2007-05-21,111.98
2007-05-22,113.54
2007-05-23,112.89
2007-05-24,110.69
2007-05-25,113.62
2007-05-29,114.35
2007-05-30,118.77
2007-05-31,121.19
2007-06-01,118.4
2007-06-04,121.33
2007-06-05,122.67
2007-06-06,123.64
2007-06-07,124.07
2007-06-08,124.49
2007-06-11,120.19
2007-06-12,120.38
2007-06-13,117.5
2007-06-14,118.75
2007-06-15,120.5
2007-06-18,125.09
2007-06-19,123.66
2007-06-20,121.55
2007-06-21,123.9
2007-06-22,123.0
2007-06-25,122.34
2007-06-26,119.65
2007-06-27,121.89
2007-06-28,120.56
2007-06-29,122.04
2007-07-02,121.26
2007-07-03,127.17
2007-07-05,132.75
2007-07-06,132.3
2007-07-09,130.33
2007-07-10,132.35
2007-07-11,132.39
2007-07-12,134.07
2007-07-13,137.73
2007-07-16,138.1
2007-07-17,138.91
2007-07-18,138.12
2007-07-19,140.0
2007-07-20,143.75
2007-07-23,143.7
2007-07-24,134.89
2007-07-25,137.26
2007-07-26,146.0
2007-07-27,143.85
2007-07-30,141.43
2007-07-31,131.76
2007-08-01,135.0
2007-08-02,136.49
2007-08-03,131.85
2007-08-06,135.25
2007-08-07,135.03
2007-08-08,134.01
2007-08-09,126.39
2007-08-10,125.0
2007-08-13,127.79
2007-08-14,124.03
2007-08-15,119.9
2007-08-16,117.05
2007-08-17,122.06
2007-08-20,122.22
2007-08-21,127.57
2007-08-22,132.51
2007-08-23,131.07
2007-08-24,135.3
2007-08-27,132.25
2007-08-28,126.82
2007-08-29,134.08
2007-08-30,136.25
2007-08-31,138.48
2007-09-04,144.16
2007-09-05,136.76
2007-09-06,135.01
2007-09-07,131.77
2007-09-10,136.71
2007-09-11,135.49
2007-09-12,136.85
2007-09-13,137.2
2007-09-14,138.81
2007-09-17,138.41
2007-09-18,140.92
2007-09-19,140.77
2007-09-20,140.31
2007-09-21,144.15
2007-09-24,148.28
2007-09-25,153.18
2007-09-26,152.77
2007-09-27,154.5
2007-09-28,153.47
2007-10-01,156.34
2007-10-02,158.45
2007-10-03,157.92
2007-10-04,156.24
2007-10-05,161.45
2007-10-08,167.91
2007-10-09,167.86
2007-10-10,166.79
2007-10-11,162.23
2007-10-12,167.25
2007-10-15,166.98
2007-10-16,169.58
2007-10-17,172.75
2007-10-18,173.5
2007-10-19,170.42
2007-10-22,174.36
2007-10-23,186.16
2007-10-24,185.93
2007-10-25,182.78
2007-10-26,184.7
2007-10-29,185.09
2007-10-30,187.0
2007-10-31,189.95
2007-11-01,187.44
2007-11-02,187.87
2007-11-05,186.18
2007-11-06,191.79
2007-11-07,186.3
2007-11-08,175.47
2007-11-09,165.37
2007-11-12,153.76
2007-11-13,169.96
2007-11-14,166.11
2007-11-15,164.3
2007-11-16,166.39
2007-11-19,163.95
2007-11-20,168.85
2007-11-21,168.46
2007-11-23,171.54
2007-11-26,172.54
2007-11-27,174.81
2007-11-28,180.22
2007-11-29,184.29
2007-11-30,182.22
2007-12-03,178.86
2007-12-04,179.81
2007-12-05,185.5
2007-12-06,189.95
2007-12-07,194.3
2007-12-10,194.21
2007-12-11,188.54
2007-12-12,190.86
2007-12-13,191.83
2007-12-14,190.39
2007-12-17,184.4
2007-12-18,182.98
2007-12-19,183.12
2007-12-20,187.21
2007-12-21,193.91
2007-12-24,198.8
2007-12-26,198.95
2007-12-27,198.57
2007-12-28,199.83
2007-12-31,198.08
2008-01-02,194.84
2008-01-03,194.93
2008-01-04,180.05
2008-01-07,177.64
2008-01-08,171.25
2008-01-09,179.4
2008-01-10,178.02
2008-01-11,172.69
2008-01-14,178.78
2008-01-15,169.04
2008-01-16,159.64
2008-01-17,160.89
2008-01-18,161.36
2008-01-22,155.64
2008-01-23,139.07
2008-01-24,135.6
2008-01-25,130.01
2008-01-28,130.01
2008-01-29,131.54
2008-01-30,132.18
2008-01-31,135.36
2008-02-01,133.75
2008-02-04,131.65
2008-02-05,129.36
2008-02-06,122.0
2008-02-07,121.24
2008-02-08,125.48
2008-02-11,129.45
2008-02-12,124.86
2008-02-13,129.4
2008-02-14,127.46
2008-02-15,124.63
2008-02-19,122.18
2008-02-20,123.82
2008-02-21,121.54
2008-02-22,119.46
2008-02-25,119.74
2008-02-26,119.15
2008-02-27,122.96
2008-02-28,129.91
2008-02-29,125.02
2008-03-03,121.73
2008-03-04,124.62
2008-03-05,124.49
2008-03-06,120.93
2008-03-07,122.25
2008-03-10,119.69
2008-03-11,127.35
2008-03-12,126.03
2008-03-13,127.94
2008-03-14,126.61
2008-03-17,126.73
2008-03-18,132.82
2008-03-19,129.67
2008-03-20,133.27
2008-03-24,139.53
2008-03-25,140.98
2008-03-26,145.06
2008-03-27,140.25
2008-03-28,143.01
2008-03-31,143.5
2008-04-01,149.53
2008-04-02,147.49
2008-04-03,151.61
2008-04-04,153.08
2008-04-07,155.89
2008-04-08,152.84
2008-04-09,151.44
2008-04-10,154.55
2008-04-11,147.14
2008-04-14,147.78
2008-04-15,148.38
2008-04-16,153.7
2008-04-17,154.49
2008-04-18,161.04
2008-04-21,168.16
2008-04-22,160.2
2008-04-23,162.89
2008-04-24,168.94
2008-04-25,169.73
2008-04-28,172.24
2008-04-29,175.05
2008-04-30,173.95
2008-05-01,180.0
2008-05-02,180.94
2008-05-05,184.73
2008-05-06,186.66
2008-05-07,182.59
2008-05-08,185.06
2008-05-09,183.45
2008-05-12,188.16
2008-05-13,189.96
2008-05-14,186.26
2008-05-15,189.73
2008-05-16,187.62
2008-05-19,183.6
2008-05-20,185.9
2008-05-21,178.19
2008-05-22,177.05
2008-05-23,181.17
2008-05-27,186.43
2008-05-28,187.01
2008-05-29,186.69
2008-05-30,188.75
2008-06-02,186.1
2008-06-03,185.37
2008-06-04,185.19
2008-06-05,189.43
2008-06-06,185.64
2008-06-09,181.61
2008-06-10,185.64
2008-06-11,180.81
2008-06-12,173.26
2008-06-13,172.37
2008-06-16,176.84
2008-06-17,181.43
2008-06-18,178.75
2008-06-19,180.9
2008-06-20,175.27
2008-06-23,173.16
2008-06-24,173.25
2008-06-25,177.39
2008-06-26,168.26
2008-06-27,170.09
2008-06-30,167.44
2008-07-01,174.68
2008-07-02,168.18
2008-07-03,170.12
2008-07-07,175.16
2008-07-08,179.55
2008-07-09,174.25
2008-07-10,176.63
2008-07-11,172.58
2008-07-14,173.88
2008-07-15,169.64
2008-07-16,172.81
2008-07-17,171.81
2008-07-18,165.15
2008-07-21,166.29
2008-07-22,162.02
2008-07-23,166.26
2008-07-24,159.03
2008-07-25,162.12
2008-07-28,154.4
2008-07-29,157.08
2008-07-30,159.88
2008-07-31,158.95
2008-08-01,156.66
2008-08-04,153.23
2008-08-05,160.64
2008-08-06,164.19
2008-08-07,163.57
2008-08-08,169.55
2008-08-11,173.56
2008-08-12,176.73
2008-08-13,179.3
2008-08-14,179.32
2008-08-15,175.74
2008-08-18,175.39
2008-08-19,173.53
2008-08-20,175.84
2008-08-21,174.29
2008-08-22,176.79
2008-08-25,172.55
2008-08-26,173.64
2008-08-27,174.67
2008-08-28,173.74
2008-08-29,169.53
2008-09-02,166.19
2008-09-03,166.96
2008-09-04,161.22
2008-09-05,160.18
2008-09-08,157.92
2008-09-09,151.68
2008-09-10,151.61
2008-09-11,152.65
2008-09-12,148.94
2008-09-15,140.36
2008-09-16,139.88
2008-09-17,127.83
2008-09-18,134.09
2008-09-19,140.91
2008-09-22,131.05
2008-09-23,126.84
2008-09-24,128.71
2008-09-25,131.93
2008-09-26,128.24
2008-09-29,105.26
2008-09-30,113.66
2008-10-01,109.12
2008-10-02,100.1
2008-10-03,97.07
2008-10-06,98.14
2008-10-07,89.16
2008-10-08,89.79
2008-10-09,88.74
2008-10-10,96.8
2008-10-13,110.26
2008-10-14,104.08
2008-10-15,97.95
2008-10-16,101.89
2008-10-17,97.4
2008-10-20,98.44
2008-10-21,91.49
2008-10-22,96.87
2008-10-23,98.23
2008-10-24,96.38
2008-10-27,92.09
2008-10-28,99.91
2008-10-29,104.55
2008-10-30,111.04
2008-10-31,107.59
2008-11-03,106.96
2008-11-04,110.99
2008-11-05,103.3
2008-11-06,99.1
2008-11-07,98.24
2008-11-10,95.88
2008-11-11,94.77
2008-11-12,90.12
2008-11-13,96.44
2008-11-14,90.24
2008-11-17,88.14
2008-11-18,89.91
2008-11-19,86.29
2008-11-20,80.49
2008-11-21,82.58
2008-11-24,92.95
2008-11-25,90.8
2008-11-26,95.0
2008-11-28,92.67
2008-12-01,88.93
2008-12-02,92.47
2008-12-03,95.9
2008-12-04,91.41
2008-12-05,94.0
2008-12-08,99.72
2008-12-09,100.06
2008-12-10,98.21
2008-12-11,95.0
2008-12-12,98.27
2008-12-15,94.75
2008-12-16,95.43
2008-12-17,89.16
2008-12-18,89.43
2008-12-19,90.0
2008-12-22,85.74
2008-12-23,86.38
2008-12-24,85.04
2008-12-26,85.81
2008-12-29,86.61
2008-12-30,86.29
2008-12-31,85.35
2009-01-02,90.75
2009-01-05,94.58
2009-01-06,93.02
2009-01-07,91.01
2009-01-08,92.7
2009-01-09,90.58
2009-01-12,88.66
2009-01-13,87.71
2009-01-14,85.33
2009-01-15,83.38
2009-01-16,82.33
2009-01-20,78.2
2009-01-21,82.83
2009-01-22,88.36
2009-01-23,88.36
2009-01-26,89.64
2009-01-27,90.73
2009-01-28,94.2
2009-01-29,93.0
2009-01-30,90.13
2009-02-02,91.51
2009-02-03,92.98
2009-02-04,93.55
2009-02-05,96.46
2009-02-06,99.72
2009-02-09,102.51
2009-02-10,97.83
2009-02-11,96.82
2009-02-12,99.27
2009-02-13,99.16
2009-02-17,94.53
2009-02-18,94.37
2009-02-19,90.64
2009-02-20,91.2
2009-02-23,86.95
2009-02-24,90.25
2009-02-25,91.16
2009-02-26,89.19
2009-02-27,89.31
2009-03-02,87.94
2009-03-03,88.37
2009-03-04,91.17
2009-03-05,88.84
2009-03-06,85.3
2009-03-09,83.11
2009-03-10,88.63
2009-03-11,92.68
2009-03-12,96.35
2009-03-13,95.93
2009-03-16,95.42
2009-03-17,99.66
2009-03-18,101.52
2009-03-19,101.62
2009-03-20,101.59
2009-03-23,107.66
2009-03-24,106.5
2009-03-25,106.49
2009-03-26,109.87
2009-03-27,106.85
2009-03-30,104.49
2009-03-31,105.12
2009-04-01,108.69
2009-04-02,112.71
2009-04-03,115.99
2009-04-06,118.45
2009-04-07,115.0
2009-04-08,116.32
2009-04-09,119.57
2009-04-13,120.22
2009-04-14,118.31
2009-04-15,117.64
2009-04-16,121.45
2009-04-17,123.42
2009-04-20,120.5
2009-04-21,121.76
2009-04-22,121.51
2009-04-23,125.4
2009-04-24,123.9
2009-04-27,124.73
2009-04-28,123.9
2009-04-29,125.14
2009-04-30,125.83
2009-05-01,127.24
2009-05-04,132.07
2009-05-05,132.71
2009-05-06,132.5
2009-05-07,129.06
2009-05-08,129.19
2009-05-11,129.57
2009-05-12,124.42
2009-05-13,119.49
2009-05-14,122.95
2009-05-15,122.42
2009-05-18,126.65
2009-05-19,127.45
2009-05-20,125.87
2009-05-21,124.18
2009-05-22,122.5
2009-05-26,130.78
2009-05-27,133.05
2009-05-28,135.07
2009-05-29,135.81
2009-06-01,139.35
2009-06-02,139.49
2009-06-03,140.95
2009-06-04,143.74
2009-06-05,144.67
2009-06-08,143.85
2009-06-09,142.72
2009-06-10,140.25
2009-06-11,139.95
2009-06-12,136.97
2009-06-15,136.09
2009-06-16,136.35
2009-06-17,135.58
2009-06-18,135.88
2009-06-19,139.48
2009-06-22,137.37
2009-06-23,134.01
2009-06-24,136.22
2009-06-25,139.86
2009-06-26,142.44
2009-06-29,141.97
2009-06-30,142.43
2009-07-01,142.83
2009-07-02,140.02
2009-07-06,138.61
2009-07-07,135.4
2009-07-08,137.22
2009-07-09,136.36
2009-07-10,138.52
2009-07-13,142.34
2009-07-14,142.27
2009-07-15,146.88
2009-07-16,147.52
2009-07-17,151.75
2009-07-20,152.91
2009-07-21,151.51
2009-07-22,156.74
2009-07-23,157.82
2009-07-24,159.99
2009-07-27,160.1
2009-07-28,160.0
2009-07-29,160.03
2009-07-30,162.79
2009-07-31,163.39
2009-08-03,166.43
2009-08-04,165.55
2009-08-05,165.11
2009-08-06,163.91
2009-08-07,165.51
2009-08-10,164.72
2009-08-11,162.83
2009-08-12,165.31
2009-08-13,168.42
2009-08-14,166.78
2009-08-17,159.59
2009-08-18,164.0
2009-08-19,164.6
2009-08-20,166.33
2009-08-21,169.22
2009-08-24,169.06
2009-08-25,169.4
2009-08-26,167.41
2009-08-27,169.45
2009-08-28,170.05
2009-08-31,168.21
2009-09-01,165.3
2009-09-02,165.18
2009-09-03,166.55
2009-09-04,170.31
2009-09-08,172.93
2009-09-09,171.14
2009-09-10,172.56
2009-09-11,172.16
2009-09-14,173.72
2009-09-15,175.16
2009-09-16,181.87
2009-09-17,184.55
2009-09-18,185.02
2009-09-21,184.02
2009-09-22,184.48
2009-09-23,185.5
2009-09-24,183.82
2009-09-25,182.37
2009-09-28,186.15
2009-09-29,185.38
2009-09-30,185.35
2009-10-01,180.86
2009-10-02,184.9
2009-10-05,186.02
2009-10-06,190.01
2009-10-07,190.25
2009-10-08,189.27
2009-10-09,190.47
2009-10-12,190.81
2009-10-13,190.02
2009-10-14,191.29
2009-10-15,190.56
2009-10-16,188.05
2009-10-19,189.86
2009-10-20,198.76
2009-10-21,204.92
2009-10-22,205.2
2009-10-23,203.94
2009-10-26,202.48
2009-10-27,197.37
2009-10-28,192.4
2009-10-29,196.35
2009-10-30,188.5
2009-11-02,189.31
2009-11-03,188.75
2009-11-04,190.81
2009-11-05,194.03
2009-11-06,194.34
2009-11-09,201.46
2009-11-10,202.98
2009-11-11,203.25
2009-11-12,201.99
2009-11-13,204.45
2009-11-16,206.63
2009-11-17,207.0
2009-11-18,205.96
2009-11-19,200.51
2009-11-20,199.92
2009-11-23,205.88
2009-11-24,204.44
2009-11-25,204.19
2009-11-27,200.59
2009-11-30,199.91
2009-12-01,196.97
2009-12-02,196.23
2009-12-03,196.48
2009-12-04,193.32
2009-12-07,188.95
2009-12-08,189.87
2009-12-09,197.8
2009-12-10,196.43
2009-12-11,194.67
2009-12-14,196.98
2009-12-15,194.17
2009-12-16,195.03
2009-12-17,191.86
2009-12-18,195.43
2009-12-21,198.23
2009-12-22,200.36
2009-12-23,202.1
2009-12-24,209.04
2009-12-28,211.61
2009-12-29,209.1
2009-12-30,211.64
2009-12-31,210.73
